date,region1,region2,region3,region4,region5,region6,region7,region8,region9,region10,region11,region12,region13,region14,region15,region16,region17
1/1/2021,0.29572,0.72160,0.29387,0.04499,0.74202,0.16300,0.66810,0.99807,0.28161,0.64786,0.51570,0.45453,0.05327,0.28958,0.69856,0.72136,0.01308
1/2/2021,0.57023,0.41915,0.75288,0.28914,0.80650,0.36310,0.88790,0.81346,0.32640,0.21593,0.36878,0.29579,0.00714,0.16466,0.33797,0.41131,0.14199
1/3/2021,0.19557,0.55877,0.94915,0.14750,0.40592,0.68811,0.72852,0.74502,0.82359,0.60312,0.91346,0.30760,0.61649,0.17554,0.70956,0.31510,0.40270
1/4/2021,0.71664,0.03287,0.52158,0.75790,0.20102,0.21442,0.08423,0.48855,0.72896,0.26731,0.89785,0.74848,0.21732,0.59857,0.08755,0.37938,0.17836
1/5/2021,0.08083,0.29938,0.10398,0.79543,0.37398,0.66331,0.80292,0.46407,0.55513,0.18238,0.99451,0.30279,0.81933,0.70809,0.31226,0.52341,0.49929
1/6/2021,0.33380,0.71045,0.21861,0.83298,0.55581,0.91931,0.41898,0.89067,0.43366,0.11559,0.39119,0.51877,0.36097,0.48347,0.61267,0.39634,0.13889
1/7/2021,0.20528,0.39041,0.63488,0.58335,0.25441,0.19455,0.44748,0.62976,0.95228,0.93353,0.14978,0.89755,0.50769,0.98625,0.19696,0.00168,0.32706
1/8/2021,0.63014,0.46265,0.04507,0.10120,0.12888,0.62067,0.07742,0.03142,0.38406,0.73108,0.69183,0.77250,0.19584,0.78804,0.49731,0.55487,0.87094
1/9/2021,0.00042,0.37030,0.56304,0.34356,0.91643,0.45452,0.16442,0.53604,0.87765,0.64624,0.99610,0.59391,0.24704,0.39838,0.12192,0.83866,0.87181
1/10/2021,0.68749,0.33388,0.85866,0.69400,0.13567,0.74506,0.89578,0.28507,0.14041,0.20949,0.72363,0.14240,0.55627,0.10583,0.46829,0.09763,0.78969
1/11/2021,0.31441,0.15873,0.96065,0.58749,0.63461,0.82649,0.00592,0.49343,0.03966,0.44965,0.96042,0.56722,0.65411,0.36779,0.74543,0.15925,0.35411
1/12/2021,0.69101,0.38961,0.73464,0.26932,0.62923,0.80909,0.01427,0.07281,0.14035,0.33168,0.51118,0.75065,0.53838,0.18913,0.95546,0.69987,0.35242
1/13/2021,0.92037,0.32153,0.38269,0.59921,0.09659,0.72528,0.30540,0.50762,0.20551,0.43576,0.19887,0.33317,0.86901,0.72157,0.44831,0.74445,0.17974
1/14/2021,0.54845,0.34608,0.00778,0.63622,0.32020,0.56871,0.48928,0.40846,0.00797,0.76977,0.08515,0.21052,0.74237,0.61456,0.21859,0.64614,0.03673
1/15/2021,0.18474,0.89636,0.89636,0.49438,0.90172,0.07554,0.61977,0.90620,0.85087,0.95232,0.70021,0.02791,0.67723,0.25197,0.82294,0.22401,0.72771
1/16/2021,0.25591,0.10908,0.37540,0.88980,0.25951,0.91741,0.44235,0.37187,0.53075,0.70943,0.92034,0.89418,0.77789,0.68208,0.70892,0.47575,0.53577
1/17/2021,0.54948,0.28784,0.05840,0.95914,0.82109,0.54047,0.09168,0.03166,0.90999,0.68392,0.92233,0.53243,0.47723,0.18977,0.01650,0.39256,0.14030
1/18/2021,0.65588,0.06701,0.59749,0.47777,0.54789,0.79663,0.22772,0.02976,0.34470,0.93619,0.76785,0.52090,0.77471,0.65827,0.85446,0.20142,0.13268
1/19/2021,0.17700,0.73040,0.82881,0.39222,0.49442,0.42492,0.42983,0.89342,0.39568,0.92059,0.45882,0.90726,0.12186,0.19792,0.85059,0.48675,0.01032
1/20/2021,0.05966,0.40710,0.20090,0.68897,0.38473,0.26654,0.68424,0.48732,0.84205,0.97205,0.67912,0.74090,0.27239,0.28158,0.06323,0.73919,0.81768
1/21/2021,0.23072,0.94755,0.60482,0.62312,0.10546,0.71563,0.98642,0.95561,0.18349,0.80973,0.09356,0.42881,0.10496,0.02988,0.87964,0.27905,0.31964
1/22/2021,0.88222,0.56302,0.69552,0.08403,0.32409,0.90914,0.07349,0.19705,0.25439,0.43884,0.35190,0.98694,0.44316,0.61063,0.12862,0.96544,0.62945
1/23/2021,0.86204,0.70469,0.56194,0.97366,0.46388,0.61371,0.71541,0.22272,0.21075,0.60107,0.76088,0.71861,0.64496,0.10427,0.88373,0.51024,0.64855
1/24/2021,0.47484,0.64234,0.64219,0.05115,0.68484,0.52993,0.90092,0.02644,0.91438,0.67054,0.60104,0.47194,0.98816,0.25480,0.41267,0.40939,0.20606
1/25/2021,0.25253,0.06428,0.03762,0.08387,0.63192,0.62129,0.77289,0.66352,0.21544,0.84353,0.24364,0.34119,0.95703,0.75061,0.46313,0.38625,0.41903
1/26/2021,0.14467,0.27709,0.01420,0.35159,0.50789,0.03861,0.02132,0.44455,0.80535,0.78769,0.26364,0.00599,0.72181,0.31952,0.02592,0.98043,0.40052
1/27/2021,0.25436,0.75810,0.09696,0.17817,0.80771,0.00137,0.56822,0.18244,0.33150,0.13332,0.54557,0.01336,0.00231,0.26713,0.31833,0.20878,0.26967
1/28/2021,0.68915,0.09452,0.60192,0.00468,0.45899,0.13216,0.31901,0.86039,0.17206,0.01421,0.71148,0.63588,0.04312,0.14695,0.90783,0.93679,0.17602
1/29/2021,0.29956,0.58851,0.72337,0.04393,0.08473,0.12595,0.95173,0.66426,0.89594,0.88085,0.38190,0.28380,0.11338,0.11865,0.58134,0.47610,0.08440
1/30/2021,0.53254,0.48372,0.76894,0.92922,0.92155,0.21113,0.60064,0.98955,0.49394,0.88849,0.39564,0.84537,0.93239,0.29576,0.30329,0.04994,0.51337
1/31/2021,0.35301,0.66290,0.81778,0.84477,0.25048,0.68400,0.49201,0.74999,0.66930,0.22173,0.57080,0.87757,0.10900,0.87455,0.72538,0.40959,0.20672
2/1/2021,0.00120,0.68424,0.60200,0.34709,0.09510,0.26463,0.93277,0.07759,0.33141,0.10493,0.92672,0.50766,0.24737,0.45409,0.97537,0.56731,0.12180
2/2/2021,0.70985,0.13385,0.93770,0.97250,0.91253,0.63309,0.30929,0.05011,0.09797,0.65217,0.96747,0.47729,0.84412,0.28987,0.01791,0.21780,0.14452
2/3/2021,0.42274,0.35030,0.49861,0.19081,0.36354,0.48231,0.05492,0.76844,0.19978,0.08195,0.67798,0.01913,0.83893,0.29120,0.86482,0.87968,0.51021
2/4/2021,0.61660,0.21610,0.71818,0.70901,0.81290,0.84231,0.50370,0.33304,0.66498,0.93364,0.23287,0.15000,0.13329,0.97021,0.40279,0.93389,0.28131
2/5/2021,0.52973,0.98088,0.79874,0.92213,0.39942,0.62539,0.83618,0.82603,0.80699,0.58752,0.09438,0.95806,0.03862,0.09329,0.33608,0.06999,0.24968
2/6/2021,0.13439,0.44711,0.36325,0.50916,0.33059,0.31271,0.10037,0.71331,0.29324,0.47316,0.01071,0.72568,0.93254,0.28518,0.72251,0.05333,0.38481
2/7/2021,0.81141,0.62266,0.94444,0.99452,0.75158,0.08128,0.60415,0.67551,0.97293,0.19238,0.11715,0.54305,0.47717,0.06311,0.67657,0.77188,0.79124
2/8/2021,0.70774,0.36230,0.85915,0.07333,0.38921,0.81772,0.21740,0.62640,0.70119,0.31956,0.14515,0.12893,0.31792,0.89618,0.90595,0.21918,0.31094
2/9/2021,0.28434,0.69311,0.07624,0.32830,0.82402,0.21689,0.95165,0.04954,0.60033,0.35013,0.35959,0.45349,0.86008,0.20291,0.88303,0.60412,0.39560
2/10/2021,0.08542,0.30757,0.65794,0.79651,0.87987,0.11825,0.99358,0.67161,0.95267,0.43153,0.90732,0.30945,0.87485,0.75708,0.55804,0.43377,0.19136
2/11/2021,0.15531,0.72395,0.11149,0.29508,0.65326,0.34262,0.60819,0.10451,0.68931,0.23349,0.22765,0.87100,0.89059,0.76189,0.19541,0.33102,0.24123
2/12/2021,0.89450,0.96125,0.52912,0.01670,0.64970,0.26562,0.85660,0.90513,0.31513,0.46570,0.49879,0.72375,0.99148,0.40357,0.42393,0.91930,0.33657
2/13/2021,0.96185,0.22354,0.12497,0.90733,0.48875,0.69777,0.98956,0.19615,0.52363,0.69274,0.92073,0.91607,0.97314,0.02278,0.82898,0.32995,0.63984
2/14/2021,0.04754,0.93115,0.73786,0.64595,0.79002,0.04605,0.25647,0.69026,0.26306,0.28406,0.45812,0.95204,0.37618,0.50551,0.54878,0.91860,0.75426
2/15/2021,0.87566,0.86241,0.69688,0.97882,0.24954,0.99659,0.14238,0.47613,0.58877,0.85918,0.96172,0.32202,0.85696,0.51431,0.50657,0.47309,0.58396
2/16/2021,0.60788,0.89040,0.02931,0.68431,0.26932,0.28000,0.25649,0.11282,0.44111,0.33445,0.27062,0.65353,0.95535,0.63011,0.24313,0.21462,0.03287
2/17/2021,0.22863,0.54431,0.48247,0.44334,0.74983,0.83571,0.63161,0.20467,0.01435,0.37442,0.14695,0.71056,0.21214,0.01290,0.44932,0.26448,0.41184
2/18/2021,0.66183,0.84659,0.69290,0.46050,0.03105,0.91747,0.12765,0.12927,0.03043,0.43645,0.14066,0.92690,0.91478,0.77325,0.99959,0.74053,0.51159
2/19/2021,0.94792,0.97542,0.07139,0.26346,0.06377,0.66866,0.15843,0.67632,0.18769,0.11785,0.76308,0.15310,0.00128,0.22552,0.00022,0.22395,0.70440
2/20/2021,0.14508,0.11944,0.24855,0.55971,0.69526,0.44699,0.46252,0.95821,0.03460,0.01171,0.74051,0.28262,0.02856,0.13595,0.21461,0.91970,0.22169
2/21/2021,0.31353,0.46467,0.41620,0.64902,0.95693,0.91898,0.05163,0.92685,0.15913,0.42016,0.22722,0.39913,0.97419,0.35336,0.38599,0.96683,0.10722
2/22/2021,0.80886,0.32546,0.67021,0.92541,0.86690,0.73665,0.78119,0.25226,0.33450,0.99763,0.22128,0.22262,0.11685,0.29852,0.16840,0.77357,0.45628
2/23/2021,0.31896,0.85480,0.94635,0.15881,0.39570,0.87980,0.69339,0.73195,0.95454,0.50978,0.89935,0.70618,0.15960,0.84991,0.92503,0.60759,0.72454
2/24/2021,0.28035,0.93330,0.25229,0.53759,0.54578,0.33006,0.31717,0.73000,0.42867,0.41320,0.29391,0.60963,0.67050,0.29965,0.88991,0.62294,0.96264
2/25/2021,0.91090,0.97592,0.58223,0.44145,0.14092,0.61730,0.21644,0.90692,0.61960,0.88741,0.71589,0.13984,0.31589,0.99684,0.64557,0.04662,0.37091
2/26/2021,0.96092,0.75942,0.82811,0.54356,0.83555,0.04272,0.30798,0.52956,0.18337,0.72089,0.70269,0.94670,0.58086,0.68627,0.86076,0.27287,0.94124
2/27/2021,0.19744,0.40514,0.36050,0.90538,0.08139,0.07516,0.52313,0.25665,0.74628,0.56361,0.55214,0.92021,0.70921,0.48932,0.69176,0.56395,0.79824
2/28/2021,0.26551,0.64064,0.39629,0.71229,0.10696,0.95096,0.54102,0.88159,0.84883,0.99485,0.71986,0.13990,0.97196,0.79501,0.90296,0.41675,0.62962
3/1/2021,0.41751,0.54129,0.11516,0.75012,0.65046,0.14447,0.25892,0.55732,0.95069,0.04942,0.22028,0.67815,0.43098,0.61066,0.81839,0.79844,0.53730
3/2/2021,0.60326,0.73367,0.67677,0.91395,0.24885,0.74290,0.60031,0.48502,0.19800,0.61134,0.91091,0.26303,0.96186,0.58500,0.21199,0.73253,0.60132
3/3/2021,0.33704,0.66003,0.41490,0.50164,0.41045,0.04879,0.63758,0.99399,0.32635,0.93905,0.73313,0.93244,0.24524,0.58832,0.48102,0.42984,0.66677
3/4/2021,0.80764,0.49083,0.09298,0.40681,0.00341,0.04012,0.36513,0.40682,0.21441,0.18962,0.45094,0.72113,0.98036,0.52927,0.50387,0.17689,0.10355
3/5/2021,0.50296,0.07786,0.01424,0.41385,0.59384,0.82912,0.97455,0.55377,0.07377,0.39776,0.25206,0.97148,0.39323,0.30078,0.33100,0.71338,0.64792
3/6/2021,0.23648,0.70215,0.32319,0.52646,0.01473,0.04329,0.90212,0.44108,0.35773,0.06460,0.02968,0.48548,0.71963,0.50193,0.31745,0.58303,0.93497
3/7/2021,0.84138,0.36867,0.68308,0.90133,0.27610,0.50889,0.26240,0.38541,0.98580,0.97847,0.72561,0.63456,0.75752,0.26117,0.21723,0.79299,0.43194
3/8/2021,0.93430,0.34005,0.37791,0.65112,0.89005,0.15811,0.05208,0.79062,0.42201,0.60129,0.28793,0.09814,0.79358,0.45988,0.62034,0.93903,0.09323
3/9/2021,0.61227,0.57933,0.56633,0.94890,0.62089,0.14633,0.54685,0.33514,0.02212,0.26086,0.93918,0.94228,0.93072,0.47853,0.76783,0.06669,0.02210
3/10/2021,0.26272,0.42335,0.99504,0.73902,0.08613,0.91879,0.34230,0.51262,0.15805,0.94714,0.12137,0.08383,0.04431,0.85328,0.41974,0.74260,0.50003
3/11/2021,0.63438,0.41267,0.26738,0.55786,0.91095,0.27538,0.73095,0.91078,0.55769,0.11409,0.87653,0.96238,0.32602,0.01077,0.85626,0.72530,0.56474
3/12/2021,0.93854,0.99307,0.97157,0.74351,0.00134,0.52334,0.98161,0.05772,0.09596,0.81017,0.41543,0.36520,0.57792,0.81047,0.53568,0.86179,0.04732
3/13/2021,0.13582,0.86429,0.56128,0.81568,0.71274,0.77934,0.61686,0.07273,0.96899,0.75361,0.07698,0.06181,0.94032,0.75941,0.88096,0.58432,0.04279
3/14/2021,0.56789,0.06948,0.81984,0.04936,0.56269,0.36294,0.25947,0.88818,0.06948,0.47551,0.07478,0.15518,0.74674,0.17408,0.67636,0.26537,0.58995
3/15/2021,0.14914,0.60521,0.15032,0.78654,0.35907,0.65116,0.67743,0.78070,0.65686,0.11234,0.63925,0.44240,0.53771,0.91044,0.62905,0.41097,0.46220
3/16/2021,0.77902,0.93736,0.03206,0.84801,0.29372,0.49067,0.63708,0.59212,0.91790,0.36498,0.23685,0.16626,0.39042,0.76115,0.36267,0.31246,0.51490
3/17/2021,0.85153,0.53191,0.11106,0.21915,0.79264,0.84738,0.42322,0.83494,0.12207,0.54155,0.53118,0.83484,0.75891,0.54580,0.85227,0.92002,0.33328
3/18/2021,0.78122,0.61822,0.34694,0.12186,0.68902,0.71267,0.85964,0.89453,0.12382,0.11355,0.21596,0.30250,0.79448,0.55399,0.01052,0.60184,0.11358
3/19/2021,0.41072,0.09536,0.29221,0.17360,0.74155,0.06398,0.86321,0.13272,0.08515,0.05819,0.33882,0.25485,0.64560,0.18974,0.95935,0.97867,0.53272
3/20/2021,0.38066,0.54872,0.50045,0.78014,0.71979,0.31866,0.78904,0.34970,0.83111,0.43518,0.81442,0.04900,0.23268,0.01034,0.63622,0.44434,0.57388
3/21/2021,0.95346,0.21314,0.65045,0.41642,0.27047,0.60741,0.52759,0.59754,0.09805,0.52240,0.53722,0.18989,0.77921,0.52868,0.17044,0.83556,0.44912
3/22/2021,0.82319,0.32584,0.80934,0.07229,0.56933,0.42547,0.97959,0.68695,0.65072,0.08025,0.62925,0.29097,0.05082,0.78815,0.71246,0.76574,0.50147
3/23/2021,0.24647,0.90395,0.40734,0.78062,0.73731,0.21740,0.85856,0.90930,0.72007,0.92284,0.29845,0.68759,0.43323,0.08054,0.31505,0.50690,0.99752
3/24/2021,0.66641,0.76983,0.17999,0.10993,0.42547,0.70189,0.03437,0.02753,0.42637,0.88830,0.17937,0.91203,0.20298,0.62583,0.43065,0.88387,0.95908
3/25/2021,0.84348,0.18507,0.86889,0.10903,0.99343,0.09151,0.63779,0.31651,0.36303,0.29294,0.50799,0.85436,0.67572,0.52997,0.52382,0.55035,0.20970
3/26/2021,0.28510,0.24068,0.54426,0.73123,0.93845,0.58609,0.28683,0.35519,0.61522,0.32135,0.28123,0.73573,0.79659,0.91008,0.03779,0.22295,0.42798
3/27/2021,0.16951,0.95134,0.85594,0.86713,0.26248,0.85613,0.23393,0.64592,0.92496,0.77550,0.11814,0.33113,0.41182,0.94741,0.77872,0.02341,0.04451
3/28/2021,0.34650,0.67529,0.27011,0.09885,0.49012,0.93713,0.34690,0.77941,0.65523,0.99731,0.72429,0.76290,0.63693,0.88511,0.62532,0.29677,0.30014
3/29/2021,0.41377,0.11641,0.06636,0.54798,0.17704,0.11073,0.19279,0.77572,0.65316,0.63567,0.42372,0.33937,0.45824,0.65671,0.62545,0.47075,0.15531
3/30/2021,0.64877,0.16264,0.94337,0.99713,0.27896,0.50500,0.89401,0.60384,0.71642,0.42566,0.34263,0.01592,0.90518,0.36268,0.39904,0.78632,0.24335
3/31/2021,0.84396,0.24523,0.90239,0.28813,0.12884,0.70415,0.53274,0.76533,0.33380,0.40158,0.00501,0.47559,0.10241,0.09679,0.65562,0.44787,0.51913
4/1/2021,0.41626,0.81965,0.78813,0.49934,0.04795,0.30498,0.60863,0.23247,0.35758,0.58823,0.07622,0.07513,0.35602,0.29510,0.25634,0.81605,0.31436
4/2/2021,0.67049,0.58923,0.56885,0.65125,0.38529,0.54174,0.21870,0.01190,0.48841,0.82526,0.61248,0.13063,0.62339,0.83322,0.32888,0.25016,0.87559
4/3/2021,0.40345,0.34176,0.23498,0.40495,0.95891,0.55017,0.08315,0.16610,0.19260,0.92803,0.50822,0.06516,0.39957,0.15179,0.49610,0.09930,0.65589
4/4/2021,0.28813,0.16600,0.60413,0.51206,0.73480,0.47695,0.16947,0.12245,0.48733,0.24881,0.67332,0.71148,0.68031,0.16240,0.93814,0.71344,0.84933
4/5/2021,0.68479,0.44698,0.19058,0.09409,0.28873,0.85290,0.44357,0.81604,0.59553,0.83812,0.78365,0.90427,0.81723,0.14221,0.59988,0.64261,0.35390
4/6/2021,0.96484,0.98967,0.69050,0.75339,0.93331,0.04032,0.45845,0.67594,0.73844,0.02139,0.65583,0.86465,0.18107,0.35977,0.14707,0.58106,0.81027
4/7/2021,0.76689,0.56805,0.24971,0.85036,0.49284,0.49589,0.60390,0.28896,0.34798,0.29491,0.24898,0.16128,0.47068,0.23287,0.46315,0.34363,0.11026
4/8/2021,0.71761,0.44667,0.98435,0.99063,0.70502,0.42393,0.98865,0.91662,0.09576,0.97084,0.30921,0.17286,0.11979,0.34048,0.90313,0.94574,0.78714
4/9/2021,0.72875,0.91033,0.08502,0.66386,0.19493,0.95739,0.73869,0.15439,0.26589,0.37458,0.89508,0.00106,0.09569,0.17039,0.03565,0.35219,0.56034
4/10/2021,0.38950,0.74260,0.42363,0.28119,0.34377,0.04014,0.62451,0.06386,0.60480,0.77235,0.85997,0.49686,0.56843,0.40864,0.18433,0.69479,0.11938
4/11/2021,0.66335,0.46285,0.79698,0.89317,0.53489,0.54757,0.31621,0.31018,0.72185,0.79486,0.00850,0.42925,0.63925,0.10604,0.39289,0.86907,0.96169
4/12/2021,0.26541,0.20018,0.44056,0.63599,0.61014,0.67047,0.48234,0.08657,0.89901,0.07371,0.91778,0.03249,0.87573,0.98394,0.74981,0.81801,0.67552
4/13/2021,0.10267,0.24879,0.27040,0.43563,0.45863,0.22183,0.99976,0.51130,0.92201,0.79889,0.29461,0.63391,0.24810,0.36299,0.68177,0.49498,0.58621
4/14/2021,0.36123,0.16805,0.41900,0.34015,0.50571,0.21092,0.58685,0.68473,0.76058,0.87875,0.98845,0.68166,0.30644,0.18947,0.90070,0.08738,0.02684
4/15/2021,0.48380,0.05115,0.69226,0.78931,0.59121,0.60165,0.61333,0.24816,0.17861,0.56406,0.82310,0.41773,0.55448,0.36500,0.82510,0.26290,0.00019
4/16/2021,0.96309,0.20131,0.02801,0.02242,0.94756,0.14153,0.61756,0.05208,0.26022,0.77202,0.05588,0.87695,0.54671,0.77666,0.56020,0.88408,0.85859
4/17/2021,0.45090,0.56746,0.45994,0.60135,0.71055,0.31538,0.84183,0.34016,0.76895,0.97122,0.43557,0.06261,0.21045,0.26821,0.05719,0.02556,0.23696
4/18/2021,0.81186,0.20773,0.92528,0.91715,0.21078,0.64396,0.79394,0.16113,0.41936,0.53832,0.09154,0.24067,0.76076,0.05806,0.15033,0.51967,0.70173
4/19/2021,0.40430,0.22305,0.85378,0.54569,0.96950,0.10728,0.01140,0.64035,0.84441,0.95244,0.92154,0.75111,0.51486,0.12574,0.59215,0.31920,0.12052
4/20/2021,0.11086,0.06911,0.91357,0.14087,0.39440,0.56733,0.51796,0.93471,0.41795,0.91479,0.17897,0.34419,0.80714,0.95930,0.53603,0.18803,0.94413
4/21/2021,0.74518,0.15732,0.24218,0.45479,0.61881,0.70025,0.40584,0.80749,0.08240,0.95263,0.60565,0.48354,0.68060,0.87965,0.67780,0.17338,0.21145
4/22/2021,0.15910,0.81778,0.43454,0.20544,0.31936,0.90453,0.70465,0.46909,0.57058,0.73110,0.36607,0.39572,0.20949,0.18726,0.99603,0.32431,0.27699
4/23/2021,0.26482,0.08617,0.65940,0.10597,0.16426,0.91315,0.03607,0.34027,0.76171,0.94709,0.28864,0.17829,0.54760,0.94501,0.49797,0.53916,0.49141
4/24/2021,0.95547,0.91933,0.24120,0.19754,0.08203,0.76692,0.38485,0.81321,0.38815,0.88379,0.47775,0.29446,0.78973,0.03441,0.78388,0.60481,0.46031
4/25/2021,0.22200,0.15002,0.56651,0.20041,0.28081,0.76609,0.27272,0.74705,0.56122,0.31099,0.40997,0.14179,0.89367,0.97606,0.76765,0.08313,0.08053
4/26/2021,0.22797,0.90287,0.17677,0.69359,0.38618,0.39739,0.32261,0.30791,0.66471,0.87814,0.33638,0.48286,0.89641,0.78585,0.85932,0.15063,0.10441
4/27/2021,0.36066,0.44254,0.43677,0.52110,0.89544,0.77237,0.23349,0.58276,0.99467,0.72267,0.92354,0.28033,0.78968,0.96999,0.17498,0.26779,0.31178
4/28/2021,0.89859,0.06316,0.90130,0.31129,0.88433,0.12736,0.80528,0.28140,0.38377,0.20524,0.95814,0.42688,0.32405,0.33780,0.94065,0.33699,0.41557
4/29/2021,0.60254,0.41584,0.89586,0.63336,0.48464,0.53593,0.16373,0.95017,0.26391,0.76326,0.19099,0.42017,0.96924,0.52538,0.64972,0.84721,0.84286
4/30/2021,0.40415,0.62257,0.45473,0.14769,0.09452,0.63977,0.23232,0.49822,0.21491,0.57081,0.01160,0.52418,0.53483,0.45965,0.25683,0.94472,0.63588
5/1/2021,0.47943,0.25172,0.21165,0.94084,0.79435,0.61328,0.01374,0.29509,0.87189,0.00541,0.09565,0.60990,0.73821,0.84698,0.68410,0.10351,0.32499
5/2/2021,0.39247,0.31132,0.22755,0.28171,0.23741,0.45050,0.34092,0.40846,0.50451,0.57460,0.97390,0.87677,0.19612,0.99244,0.49492,0.06964,0.02868
5/3/2021,0.48928,0.53544,0.52994,0.30389,0.37429,0.16310,0.41258,0.21360,0.04153,0.08174,0.83671,0.77272,0.02804,0.19581,0.13771,0.60724,0.10616
5/4/2021,0.35261,0.80528,0.60942,0.89783,0.25271,0.20447,0.89104,0.55429,0.01615,0.53540,0.03934,0.45443,0.30241,0.23942,0.61250,0.17181,0.23153
5/5/2021,0.57432,0.31176,0.95457,0.15370,0.68736,0.18859,0.20170,0.77471,0.29388,0.06403,0.10699,0.78592,0.71419,0.97404,0.37338,0.28733,0.40885
5/6/2021,0.42088,0.16253,0.19446,0.51244,0.94907,0.07248,0.03483,0.72560,0.36725,0.49563,0.98844,0.03638,0.20211,0.40921,0.98173,0.56756,0.86436
5/7/2021,0.22867,0.27630,0.55042,0.95416,0.20561,0.34363,0.15231,0.13939,0.46988,0.13652,0.11874,0.32339,0.19603,0.88919,0.43950,0.98445,0.81741
5/8/2021,0.72271,0.96965,0.60871,0.11132,0.12212,0.55699,0.13399,0.14084,0.37844,0.87849,0.46560,0.46930,0.77186,0.86464,0.04408,0.52119,0.97441
5/9/2021,0.41242,0.79078,0.20171,0.87524,0.59852,0.96097,0.01880,0.67789,0.35389,0.88914,0.10457,0.71874,0.07115,0.52919,0.48242,0.15871,0.07745
5/10/2021,0.40741,0.50885,0.45251,0.23264,0.05762,0.23956,0.76816,0.87919,0.74010,0.90840,0.73782,0.92509,0.82616,0.24479,0.18746,0.08372,0.72931
5/11/2021,0.91501,0.38247,0.25093,0.91945,0.05335,0.30890,0.73938,0.57558,0.12663,0.20569,0.45724,0.01571,0.86413,0.25174,0.80135,0.81549,0.49811
5/12/2021,0.04712,0.69855,0.39391,0.78905,0.89228,0.91448,0.41126,0.60455,0.73688,0.41051,0.95939,0.88664,0.44146,0.39188,0.37957,0.14467,0.12512
5/13/2021,0.42714,0.13475,0.67572,0.68902,0.05450,0.80173,0.33628,0.42253,0.96014,0.07234,0.24852,0.23963,0.87069,0.79076,0.20029,0.98047,0.76441
5/14/2021,0.64833,0.17691,0.24963,0.45155,0.43679,0.74564,0.59646,0.82742,0.00797,0.30775,0.18954,0.15705,0.29028,0.90820,0.58938,0.78847,0.03083
5/15/2021,0.56952,0.01970,0.58974,0.67816,0.16784,0.76379,0.96850,0.91917,0.08444,0.88124,0.21747,0.64313,0.93636,0.06307,0.90739,0.46900,0.10392
5/16/2021,0.08037,0.79228,0.28181,0.30680,0.18342,0.83546,0.00422,0.53758,0.89923,0.34184,0.58664,0.31194,0.89577,0.96907,0.31526,0.60717,0.08640
5/17/2021,0.91960,0.93517,0.87556,0.30526,0.90926,0.65919,0.73624,0.60605,0.81638,0.67018,0.07609,0.44796,0.07062,0.72393,0.25022,0.90348,0.26194
5/18/2021,0.15353,0.80957,0.90424,0.12086,0.74633,0.89984,0.02885,0.99638,0.22573,0.90549,0.10825,0.50953,0.35537,0.51170,0.26191,0.26898,0.89654
5/19/2021,0.23322,0.36194,0.38942,0.29980,0.12095,0.94883,0.37311,0.27491,0.84198,0.36129,0.38881,0.98387,0.56964,0.13250,0.08116,0.65675,0.32957
5/20/2021,0.00176,0.48206,0.75996,0.76029,0.05201,0.45729,0.12715,0.78195,0.57724,0.86212,0.73632,0.46081,0.77473,0.82980,0.40123,0.01630,0.79372
5/21/2021,0.95355,0.67229,0.93911,0.13090,0.73456,0.89749,0.01084,0.99193,0.14160,0.85954,0.14645,0.55759,0.98523,0.88033,0.26177,0.56707,0.24141
5/22/2021,0.08918,0.62514,0.65651,0.43756,0.28672,0.50797,0.45588,0.14583,0.31528,0.37178,0.30134,0.03069,0.50343,0.49629,0.39303,0.66762,0.35138
5/23/2021,0.48255,0.95438,0.97798,0.72344,0.67480,0.71936,0.72695,0.09856,0.32537,0.97181,0.33596,0.79951,0.20457,0.26805,0.74766,0.38226,0.59525
5/24/2021,0.72474,0.80457,0.11589,0.16401,0.53146,0.89664,0.97569,0.53948,0.24279,0.01725,0.14047,0.91067,0.29481,0.01087,0.19128,0.10744,0.02151
5/25/2021,0.76302,0.82128,0.02387,0.66861,0.74796,0.36176,0.53823,0.15076,0.46953,0.08383,0.99534,0.40413,0.62381,0.71068,0.98192,0.25943,0.44337
5/26/2021,0.47446,0.92098,0.13805,0.77529,0.67759,0.20955,0.84347,0.04801,0.03582,0.06570,0.81829,0.47386,0.32902,0.49444,0.16779,0.35916,0.55798
5/27/2021,0.01327,0.10688,0.99423,0.76706,0.30269,0.08766,0.96453,0.66756,0.68429,0.99759,0.83005,0.42452,0.43109,0.28835,0.08488,0.67035,0.05059
5/28/2021,0.83037,0.38420,0.94123,0.82615,0.50053,0.82621,0.71681,0.54593,0.80789,0.88171,0.59822,0.36593,0.11778,0.44088,0.83680,0.45428,0.63562
5/29/2021,0.35786,0.14903,0.95928,0.93617,0.55176,0.19201,0.05539,0.87465,0.67953,0.28213,0.73708,0.78984,0.42216,0.94556,0.99037,0.37786,0.20722
5/30/2021,0.11914,0.46973,0.78814,0.75076,0.63418,0.26067,0.75333,0.64333,0.21470,0.13563,0.94328,0.62343,0.00997,0.90910,0.50528,0.54160,0.96305
5/31/2021,0.13689,0.39368,0.53738,0.20888,0.26195,0.53517,0.89143,0.45159,0.21256,0.46537,0.36106,0.68346,0.56199,0.91531,0.73793,0.20341,0.46723
6/1/2021,0.72195,0.88464,0.30831,0.01178,0.38986,0.14491,0.53630,0.38769,0.75897,0.84412,0.10026,0.48063,0.66563,0.05759,0.23356,0.67806,0.83747
6/2/2021,0.80287,0.03154,0.18794,0.62049,0.57545,0.52091,0.20796,0.78710,0.42734,0.25404,0.71468,0.61832,0.15628,0.20528,0.08528,0.53147,0.20570
6/3/2021,0.95776,0.59791,0.04090,0.58000,0.60568,0.11184,0.73633,0.21847,0.64851,0.07318,0.66266,0.41978,0.79776,0.54961,0.15989,0.68098,0.81055
6/4/2021,0.00731,0.53369,0.18126,0.23556,0.46655,0.11378,0.11417,0.43566,0.88115,0.84493,0.29872,0.50244,0.97683,0.61602,0.21645,0.76605,0.79430
6/5/2021,0.40524,0.85509,0.20510,0.37646,0.34377,0.05401,0.44291,0.77302,0.86677,0.79789,0.39877,0.67085,0.68522,0.42867,0.43296,0.50560,0.60552
6/6/2021,0.32975,0.75152,0.31353,0.12196,0.09846,0.61195,0.35765,0.33076,0.49625,0.22317,0.54765,0.45121,0.14900,0.47103,0.94503,0.72623,0.88122
6/7/2021,0.00469,0.34968,0.41771,0.71693,0.69113,0.96676,0.29605,0.28746,0.29613,0.98901,0.72739,0.02022,0.14153,0.38072,0.68472,0.24700,0.19952
6/8/2021,0.96531,0.26390,0.53559,0.06575,0.67266,0.81199,0.95028,0.81853,0.79057,0.52663,0.98179,0.38726,0.75284,0.84537,0.05740,0.02681,0.98643
6/9/2021,0.16362,0.90953,0.57833,0.09559,0.79841,0.46833,0.67064,0.84221,0.29544,0.26785,0.62162,0.55690,0.49030,0.69366,0.15553,0.14219,0.28813
6/10/2021,0.26540,0.93876,0.65756,0.67121,0.19991,0.11613,0.17721,0.39042,0.56248,0.28458,0.57815,0.23631,0.03004,0.00785,0.66444,0.63024,0.19187
6/11/2021,0.91774,0.87553,0.12821,0.33459,0.62504,0.80650,0.42131,0.33314,0.92428,0.54355,0.10276,0.58894,0.56487,0.27575,0.76872,0.36286,0.42888
6/12/2021,0.97635,0.88349,0.79620,0.89487,0.42705,0.70058,0.00864,0.79941,0.95595,0.98001,0.28824,0.66994,0.59774,0.41793,0.12727,0.09956,0.10424
6/13/2021,0.07034,0.46859,0.33904,0.26927,0.31611,0.29236,0.40812,0.41387,0.15582,0.89439,0.07848,0.37041,0.09459,0.58496,0.97097,0.24736,0.86446
6/14/2021,0.84023,0.74220,0.58636,0.61532,0.34926,0.65706,0.37480,0.39287,0.85722,0.79940,0.87205,0.42779,0.14837,0.25147,0.02081,0.30044,0.37607
6/15/2021,0.99591,0.49119,0.39730,0.25496,0.96895,0.75013,0.37700,0.09494,0.68380,0.66519,0.27111,0.15978,0.07894,0.54120,0.16088,0.25819,0.43374
6/16/2021,0.41150,0.44311,0.44150,0.82326,0.57801,0.42481,0.48650,0.14791,0.81980,0.81817,0.97699,0.24936,0.30618,0.91556,0.54361,0.54692,0.37151
6/17/2021,0.30308,0.54426,0.25279,0.34319,0.27842,0.91646,0.33148,0.63628,0.83452,0.61375,0.13014,0.61263,0.55618,0.61125,0.98220,0.37542,0.32673
6/18/2021,0.54442,0.37262,0.31014,0.49273,0.96053,0.43422,0.26996,0.22473,0.34150,0.31969,0.96604,0.71032,0.76859,0.01027,0.19505,0.06355,0.46799
6/19/2021,0.41650,0.70688,0.16693,0.03699,0.23097,0.60409,0.34726,0.53080,0.13177,0.16140,0.07781,0.47167,0.92773,0.13199,0.72427,0.87157,0.19204
6/20/2021,0.92928,0.31118,0.06843,0.65300,0.67416,0.95676,0.38745,0.51328,0.32406,0.31840,0.14503,0.21396,0.24733,0.53593,0.62139,0.66505,0.34286
6/21/2021,0.11819,0.53233,0.93914,0.15439,0.25625,0.53846,0.51856,0.70944,0.01113,0.88467,0.04552,0.12026,0.27040,0.39287,0.84488,0.66850,0.07679
6/22/2021,0.83437,0.82019,0.43268,0.36280,0.78888,0.96739,0.60655,0.28460,0.42166,0.34523,0.61465,0.95346,0.37250,0.96385,0.46573,0.11641,0.51697
6/23/2021,0.36902,0.61319,0.08558,0.44114,0.54706,0.03042,0.45127,0.41658,0.08396,0.22755,0.13609,0.97184,0.51950,0.99206,0.34403,0.95737,0.72581
6/24/2021,0.93510,0.13937,0.43146,0.49830,0.54341,0.66980,0.81109,0.32028,0.44627,0.56093,0.54080,0.37483,0.78124,0.43991,0.05645,0.70277,0.02402
6/25/2021,0.69626,0.29566,0.11692,0.90896,0.04154,0.07983,0.75525,0.12368,0.04471,0.96377,0.02887,0.74669,0.89787,0.37185,0.58694,0.75829,0.63088
6/26/2021,0.37152,0.11590,0.02584,0.70159,0.06248,0.36135,0.19834,0.07643,0.81046,0.43003,0.77842,0.34234,0.15951,0.60174,0.70504,0.41318,0.05010
6/27/2021,0.30204,0.81364,0.81177,0.36651,0.73302,0.38028,0.34619,0.74532,0.76532,0.81191,0.79602,0.96948,0.17193,0.14912,0.98841,0.76523,0.71032
6/28/2021,0.63651,0.72930,0.82517,0.69683,0.01262,0.38896,0.93702,0.06087,0.80966,0.23087,0.10407,0.13528,0.89297,0.18176,0.48216,0.92471,0.63226
6/29/2021,0.73336,0.94211,0.19734,0.55957,0.01995,0.32068,0.35841,0.87514,0.55422,0.02283,0.07689,0.94449,0.02893,0.93303,0.01842,0.12390,0.39962
6/30/2021,0.62764,0.38524,0.46084,0.72724,0.58468,0.34225,0.97946,0.67075,0.67656,0.52331,0.67538,0.15980,0.89091,0.02478,0.27675,0.03457,0.01552
7/1/2021,0.22545,0.20601,0.56475,0.94133,0.17475,0.16741,0.16814,0.11349,0.95584,0.10080,0.12865,0.83674,0.51202,0.63096,0.62405,0.48756,0.91728
7/2/2021,0.84232,0.01338,0.67982,0.22422,0.72569,0.01112,0.01081,0.34647,0.43739,0.43212,0.38335,0.77515,0.60857,0.56016,0.01221,0.88949,0.62777
7/3/2021,0.68493,0.12690,0.85289,0.23129,0.27787,0.00192,0.16697,0.87472,0.95486,0.97047,0.75560,0.18694,0.04028,0.45754,0.13950,0.27991,0.27311
7/4/2021,0.34363,0.64282,0.56253,0.47925,0.71715,0.58420,0.68600,0.87568,0.50284,0.27062,0.84853,0.29946,0.05048,0.93551,0.50126,0.74972,0.48149
7/5/2021,0.30235,0.44394,0.07095,0.26600,0.80840,0.32748,0.44856,0.93373,0.11896,0.90586,0.49269,0.20656,0.31379,0.14062,0.79811,0.53532,0.68931
7/6/2021,0.36772,0.59369,0.98282,0.68936,0.24080,0.36807,0.85755,0.04302,0.31339,0.75929,0.71286,0.70095,0.47208,0.00810,0.00890,0.98880,0.06994
7/7/2021,0.77916,0.58116,0.85827,0.17703,0.13689,0.06366,0.19025,0.76545,0.93598,0.48837,0.23026,0.23219,0.69039,0.63897,0.69789,0.47163,0.12736
7/8/2021,0.53327,0.62643,0.25371,0.79468,0.99242,0.37023,0.98082,0.82169,0.27925,0.06778,0.13353,0.61789,0.10619,0.57281,0.88123,0.61748,0.57404
7/9/2021,0.74914,0.32993,0.53730,0.65729,0.04363,0.77897,0.43700,0.53705,0.40201,0.34796,0.64941,0.98934,0.97353,0.09732,0.48942,0.86593,0.11022
7/10/2021,0.62487,0.46560,0.47098,0.12654,0.60926,0.71358,0.54165,0.53740,0.40609,0.01624,0.00947,0.19173,0.34827,0.70412,0.68274,0.94535,0.92497
7/11/2021,0.07384,0.90777,0.79090,0.82515,0.94733,0.99425,0.44779,0.35207,0.21412,0.42757,0.30171,0.72940,0.26774,0.11599,0.15502,0.25014,0.70310
7/12/2021,0.94172,0.69176,0.92382,0.55970,0.81677,0.26033,0.38668,0.59486,0.56005,0.97730,0.60980,0.45010,0.57456,0.73167,0.71514,0.93010,0.42982
7/13/2021,0.26403,0.56177,0.13556,0.86063,0.71579,0.31500,0.82878,0.50670,0.05015,0.99534,0.89057,0.82917,0.34233,0.54598,0.32388,0.20874,0.65833
7/14/2021,0.33264,0.42965,0.03876,0.27358,0.11841,0.86963,0.37135,0.39718,0.83067,0.13954,0.51936,0.08234,0.04641,0.01978,0.07173,0.13642,0.89996
7/15/2021,0.47592,0.56525,0.77290,0.45024,0.59045,0.03657,0.91064,0.09373,0.29926,0.90086,0.80506,0.89825,0.52038,0.59538,0.56802,0.36403,0.36080
7/16/2021,0.86965,0.97057,0.76405,0.10188,0.99235,0.29400,0.77813,0.57481,0.65373,0.29096,0.03484,0.79645,0.74272,0.12862,0.19424,0.63005,0.55196
7/17/2021,0.96064,0.58143,0.46613,0.40678,0.65403,0.27001,0.99602,0.47480,0.55097,0.21446,0.31736,0.12620,0.46450,0.45372,0.07155,0.37118,0.73985
7/18/2021,0.19066,0.43407,0.27532,0.35143,0.73207,0.97872,0.22385,0.86747,0.35014,0.71620,0.45264,0.89899,0.39619,0.80049,0.32754,0.55424,0.45770
7/19/2021,0.59937,0.15291,0.51008,0.77462,0.52768,0.36527,0.87006,0.18460,0.40943,0.58073,0.99869,0.20972,0.96856,0.10310,0.95259,0.44785,0.98986
7/20/2021,0.96484,0.34500,0.42399,0.30242,0.42234,0.59989,0.07472,0.30812,0.47819,0.17048,0.91338,0.34571,0.91184,0.94701,0.95926,0.18330,0.38903
7/21/2021,0.59200,0.09115,0.45930,0.36717,0.46506,0.65297,0.53413,0.71314,0.37243,0.54323,0.76949,0.32296,0.64269,0.07595,0.43298,0.20486,0.69164
7/22/2021,0.16563,0.60734,0.26718,0.71966,0.27071,0.07825,0.52234,0.09985,0.51197,0.18458,0.52906,0.44629,0.46801,0.56267,0.44469,0.89050,0.95026
7/23/2021,0.00530,0.57280,0.54515,0.53535,0.68751,0.40381,0.17028,0.73761,0.84157,0.46158,0.98906,0.03969,0.39852,0.18163,0.68324,0.22098,0.39161
7/24/2021,0.63954,0.06372,0.74058,0.09907,0.00635,0.60973,0.14982,0.44136,0.08211,0.93337,0.53503,0.89126,0.05175,0.14638,0.27484,0.56740,0.14021
7/25/2021,0.87288,0.40342,0.23683,0.19431,0.00307,0.57117,0.78140,0.39918,0.44106,0.72991,0.46645,0.34429,0.16687,0.92440,0.59724,0.00299,0.84914
7/26/2021,0.27408,0.40958,0.45282,0.43879,0.88668,0.75290,0.31748,0.98813,0.00384,0.38023,0.09679,0.37836,0.65563,0.24848,0.59090,0.64371,0.61287
7/27/2021,0.18250,0.18920,0.92382,0.63398,0.75053,0.82611,0.96690,0.97123,0.85088,0.04939,0.33913,0.06416,0.70045,0.85856,0.17069,0.03449,0.51307
7/28/2021,0.44395,0.63903,0.57950,0.62199,0.54752,0.98620,0.15924,0.02732,0.90719,0.85270,0.82805,0.44653,0.96777,0.80424,0.52558,0.61196,0.00223
7/29/2021,0.34724,0.04846,0.36916,0.14074,0.09267,0.93045,0.78475,0.90198,0.14767,0.57458,0.52314,0.97405,0.95413,0.40248,0.69150,0.03932,0.03105
7/30/2021,0.18832,0.29477,0.83592,0.41726,0.76869,0.28204,0.29508,0.93242,0.51134,0.01904,0.17561,0.06913,0.76885,0.64297,0.07699,0.84918,0.68199
7/31/2021,0.17044,0.56872,0.98181,0.05673,0.93165,0.06407,0.38824,0.32267,0.17530,0.84377,0.13919,0.00149,0.83293,0.83123,0.50183,0.55602,0.48375
8/1/2021,0.62701,0.40711,0.16448,0.47958,0.55396,0.39516,0.52692,0.97951,0.93270,0.67201,0.51164,0.34328,0.15147,0.74866,0.63585,0.25806,0.55708
8/2/2021,0.32745,0.86314,0.41912,0.43653,0.92615,0.97616,0.23242,0.09913,0.94505,0.89074,0.98418,0.23645,0.21982,0.04286,0.74356,0.58549,0.36497
8/3/2021,0.24214,0.63981,0.01086,0.93292,0.35090,0.66653,0.09063,0.78464,0.86357,0.82086,0.20767,0.97227,0.77731,0.89103,0.15546,0.95092,0.71814
8/4/2021,0.41776,0.77566,0.66935,0.26258,0.68321,0.24122,0.55187,0.38946,0.53171,0.95985,0.23103,0.89600,0.60724,0.82375,0.48645,0.23528,0.02018
8/5/2021,0.45131,0.61169,0.35552,0.24589,0.84337,0.33685,0.67624,0.94773,0.33408,0.13432,0.23091,0.93277,0.55924,0.33524,0.97921,0.06451,0.38881
8/6/2021,0.29895,0.07544,0.48062,0.53191,0.49763,0.45596,0.20650,0.37556,0.68033,0.32086,0.29204,0.25040,0.54746,0.99924,0.61078,0.18404,0.27813
8/7/2021,0.88868,0.47314,0.18585,0.73501,0.95509,0.03008,0.76523,0.35599,0.41779,0.78613,0.77460,0.01230,0.76725,0.83316,0.93068,0.54322,0.63944
8/8/2021,0.84098,0.65194,0.15338,0.37533,0.55277,0.78084,0.92261,0.08201,0.81331,0.13099,0.16323,0.72045,0.08923,0.36301,0.28077,0.62704,0.41614
8/9/2021,0.10118,0.23610,0.66709,0.15835,0.81967,0.34681,0.74913,0.79631,0.94399,0.05840,0.43264,0.82838,0.61319,0.42186,0.73038,0.44161,0.12106
8/10/2021,0.10533,0.20803,0.59027,0.82646,0.24557,0.43186,0.40091,0.89200,0.74773,0.95465,0.58879,0.57985,0.42546,0.23486,0.25119,0.89473,0.33650
8/11/2021,0.08303,0.23811,0.16583,0.19752,0.60531,0.00433,0.16703,0.32240,0.10791,0.44341,0.65285,0.52477,0.39565,0.05328,0.33286,0.42700,0.82748
8/12/2021,0.67564,0.21024,0.72069,0.22822,0.97369,0.80289,0.51401,0.98734,0.69377,0.22067,0.31416,0.69660,0.87708,0.73310,0.43623,0.65883,0.12774
8/13/2021,0.76750,0.51497,0.61626,0.87920,0.53229,0.18552,0.20686,0.97612,0.96963,0.64866,0.52750,0.18060,0.49732,0.94834,0.04523,0.47574,0.55563
8/14/2021,0.82354,0.93759,0.03361,0.67823,0.46061,0.36119,0.34152,0.03698,0.27923,0.32351,0.99241,0.33131,0.58627,0.08237,0.12514,0.16148,0.65971
8/15/2021,0.29705,0.77591,0.78888,0.47044,0.68503,0.09779,0.74951,0.58382,0.89503,0.53067,0.36225,0.37765,0.17036,0.24966,0.33358,0.11480,0.16034
8/16/2021,0.41331,0.73075,0.54839,0.58379,0.88073,0.37414,0.90157,0.22206,0.98497,0.29862,0.24603,0.50285,0.14449,0.51420,0.12308,0.52214,0.88025
8/17/2021,0.91048,0.24689,0.15569,0.15073,0.22699,0.10236,0.97744,0.12098,0.97455,0.68843,0.29190,0.25122,0.59933,0.71179,0.45453,0.25067,0.46727
8/18/2021,0.84563,0.91317,0.64704,0.96212,0.06052,0.46764,0.76998,0.66141,0.39820,0.41768,0.22636,0.04697,0.37276,0.95254,0.78083,0.99253,0.73117
8/19/2021,0.36322,0.62300,0.62772,0.21161,0.58804,0.11218,0.89822,0.57914,0.35010,0.60269,0.73882,0.99626,0.01973,0.30054,0.57094,0.16103,0.04271
8/20/2021,0.18375,0.24121,0.98949,0.22710,0.19171,0.53099,0.82049,0.08707,0.89462,0.85820,0.09144,0.94603,0.09592,0.95109,0.14974,0.35260,0.93464
8/21/2021,0.37389,0.36545,0.70454,0.43710,0.31205,0.73758,0.67210,0.89879,0.95084,0.35838,0.20987,0.17981,0.80362,0.24205,0.97365,0.43064,0.49386
8/22/2021,0.40750,0.65759,0.43206,0.58596,0.02341,0.21420,0.37738,0.76037,0.99296,0.06839,0.58546,0.18051,0.88762,0.08698,0.52887,0.14925,0.19038
8/23/2021,0.66529,0.45843,0.90931,0.26690,0.17518,0.04768,0.16172,0.76519,0.12160,0.54270,0.04977,0.56324,0.85689,0.97224,0.64357,0.95076,0.01899
8/24/2021,0.36936,0.82507,0.92302,0.35919,0.38829,0.96955,0.79763,0.55086,0.62962,0.15048,0.27200,0.52675,0.03362,0.03470,0.70952,0.35491,0.43590
8/25/2021,0.74248,0.28331,0.66684,0.60053,0.66987,0.29051,0.26156,0.23779,0.36846,0.01921,0.19066,0.05228,0.14099,0.91131,0.68535,0.77323,0.34620
8/26/2021,0.54186,0.87292,0.32341,0.53012,0.85184,0.01796,0.30684,0.77439,0.06013,0.76505,0.99411,0.07724,0.33467,0.04219,0.67865,0.20782,0.98888
8/27/2021,0.04412,0.55660,0.87305,0.02476,0.95611,0.11204,0.63113,0.83536,0.88911,0.90049,0.26452,0.06016,0.55342,0.06034,0.45975,0.55989,0.13643
8/28/2021,0.71850,0.12313,0.21318,0.78691,0.04456,0.54322,0.55544,0.17902,0.09260,0.88412,0.36852,0.81848,0.52670,0.60605,0.27537,0.57852,0.10729
8/29/2021,0.64817,0.85949,0.92205,0.19285,0.39461,0.60788,0.10891,0.10166,0.11662,0.14458,0.68324,0.62571,0.52441,0.40076,0.46410,0.56573,0.65868
8/30/2021,0.94410,0.37313,0.01847,0.89888,0.39021,0.94857,0.87748,0.07218,0.14998,0.63126,0.64411,0.49017,0.32942,0.40835,0.83140,0.72881,0.79280
8/31/2021,0.40366,0.44797,0.57444,0.62280,0.09229,0.82525,0.55909,0.69038,0.99002,0.26192,0.38382,0.90165,0.74671,0.43600,0.34250,0.97765,0.44470
9/1/2021,0.02852,0.79971,0.47536,0.60208,0.94947,0.84527,0.52967,0.55210,0.21833,0.83748,0.85972,0.48808,0.10223,0.08991,0.69808,0.81593,0.81883
9/2/2021,0.48352,0.44445,0.40040,0.63185,0.48012,0.45732,0.64730,0.37851,0.51305,0.16204,0.47961,0.62249,0.63340,0.20855,0.30357,0.39399,0.80311
9/3/2021,0.82560,0.86445,0.48782,0.82640,0.38544,0.65450,0.00151,0.98030,0.73174,0.76091,0.98967,0.93922,0.17831,0.85206,0.59056,0.84370,0.98909
9/4/2021,0.39292,0.23855,0.75403,0.21558,0.28716,0.01276,0.77309,0.61007,0.79833,0.53632,0.58895,0.36432,0.05935,0.51166,0.78616,0.92429,0.80082
9/5/2021,0.57630,0.89977,0.19352,0.34103,0.07560,0.98656,0.44119,0.82067,0.74097,0.54416,0.89354,0.05094,0.79663,0.11749,0.89096,0.40500,0.73838
9/6/2021,0.49557,0.01699,0.91216,0.24536,0.07568,0.29750,0.83323,0.16462,0.79605,0.98365,0.35726,0.53100,0.26825,0.21035,0.10253,0.71728,0.47950
9/7/2021,0.15578,0.29312,0.11947,0.54152,0.75020,0.97164,0.16885,0.02883,0.77277,0.30037,0.98017,0.55098,0.33571,0.44270,0.75737,0.08943,0.30271
9/8/2021,0.14945,0.09115,0.23380,0.14471,0.28338,0.18058,0.99096,0.44229,0.50123,0.71383,0.01614,0.31118,0.88984,0.87947,0.95128,0.28659,0.85637
9/9/2021,0.60050,0.06532,0.90673,0.58011,0.84861,0.41615,0.07386,0.68243,0.53903,0.80963,0.35648,0.19148,0.77147,0.18887,0.25259,0.42078,0.83455
9/10/2021,0.75067,0.50361,0.63881,0.63445,0.30101,0.67864,0.45153,0.63217,0.80872,0.80227,0.24429,0.39576,0.72992,0.61048,0.76791,0.22021,0.66433
9/11/2021,0.59861,0.27402,0.49763,0.37351,0.26309,0.12971,0.37868,0.85554,0.02070,0.93445,0.37865,0.45622,0.55874,0.28704,0.88445,0.13146,0.35368
9/12/2021,0.88866,0.94028,0.96199,0.37796,0.54948,0.58070,0.13840,0.90897,0.30945,0.37073,0.15000,0.51217,0.57667,0.05509,0.04689,0.24999,0.72841
9/13/2021,0.09844,0.49649,0.91715,0.47428,0.95448,0.74794,0.92522,0.15522,0.71175,0.82659,0.89591,0.89259,0.42164,0.59235,0.94414,0.09572,0.56789
9/14/2021,0.18156,0.68816,0.21986,0.66523,0.94242,0.95238,0.37377,0.75534,0.50515,0.49491,0.00136,0.38316,0.23601,0.35992,0.12046,0.38376,0.49658
9/15/2021,0.62730,0.70011,0.75627,0.89677,0.82616,0.39401,0.24746,0.50347,0.71772,0.12510,0.67240,0.83883,0.19237,0.70092,0.18992,0.35434,0.90519
9/16/2021,0.91584,0.88898,0.67732,0.07872,0.18366,0.69337,0.75889,0.61752,0.01930,0.82928,0.40590,0.08051,0.59757,0.96715,0.45237,0.50817,0.48623
9/17/2021,0.61857,0.54179,0.98341,0.28913,0.78012,0.45382,0.94782,0.59408,0.56128,0.86825,0.04008,0.45944,0.07271,0.39006,0.97360,0.69877,0.84000
9/18/2021,0.94265,0.26482,0.54409,0.28524,0.13914,0.57255,0.57281,0.29507,0.86609,0.97309,0.62020,0.40864,0.37790,0.32771,0.75345,0.82588,0.51434
9/19/2021,0.85728,0.11415,0.43405,0.91483,0.34590,0.97100,0.98742,0.54874,0.19338,0.93947,0.62936,0.56669,0.69098,0.20496,0.54167,0.98672,0.78572
9/20/2021,0.28567,0.56414,0.22359,0.68946,0.15742,0.92468,0.59628,0.31420,0.76600,0.17215,0.47516,0.41893,0.34270,0.09689,0.89503,0.17809,0.43489
9/21/2021,0.53210,0.62761,0.84567,0.32364,0.35548,0.80984,0.11354,0.67525,0.69917,0.89784,0.22364,0.11912,0.05286,0.99519,0.03213,0.18433,0.90949
9/22/2021,0.15491,0.19617,0.27118,0.43679,0.97374,0.73384,0.86017,0.05013,0.36596,0.31730,0.17211,0.25511,0.79516,0.47065,0.76784,0.50888,0.76774
9/23/2021,0.63838,0.53838,0.25817,0.51447,0.11800,0.76129,0.62247,0.77107,0.70649,0.19989,0.50847,0.77441,0.52256,0.08841,0.80097,0.71928,0.17399
9/24/2021,0.26921,0.10252,0.62671,0.41144,0.46982,0.87898,0.53268,0.38851,0.94514,0.77206,0.88987,0.19121,0.07187,0.75496,0.74015,0.60185,0.99979
9/25/2021,0.06055,0.96333,0.64983,0.06763,0.67995,0.77605,0.84533,0.82222,0.14985,0.10393,0.32270,0.82107,0.81072,0.91785,0.89187,0.08494,0.58286
9/26/2021,0.51718,0.72152,0.60959,0.48562,0.03499,0.74794,0.50423,0.02205,0.57811,0.33087,0.37665,0.57648,0.51623,0.04920,0.02986,0.85303,0.63823
9/27/2021,0.95519,0.80783,0.25164,0.04701,0.35385,0.63410,0.22252,0.05067,0.20202,0.80714,0.25941,0.56268,0.36163,0.05388,0.52591,0.53708,0.04010
9/28/2021,0.38023,0.23095,0.64998,0.23628,0.22502,0.93177,0.51907,0.00374,0.92480,0.25943,0.55375,0.58604,0.95768,0.87113,0.17779,0.99397,0.17685
9/29/2021,0.87961,0.49827,0.33838,0.53113,0.62224,0.17259,0.46975,0.04300,0.08219,0.63313,0.29678,0.39627,0.78511,0.37217,0.54911,0.60647,0.49230
9/30/2021,0.72895,0.16754,0.17365,0.15500,0.72722,0.34519,0.99770,0.48355,0.04654,0.65074,0.48552,0.16899,0.75532,0.11343,0.29511,0.24774,0.63825
10/1/2021,0.10220,0.89809,0.67525,0.07281,0.22472,0.44139,0.30507,0.65946,0.24662,0.05637,0.83197,0.36265,0.89857,0.83946,0.10814,0.90677,0.68965
10/2/2021,0.87245,0.01239,0.90199,0.94610,0.83435,0.82355,0.74627,0.63447,0.71314,0.92770,0.12109,0.81967,0.27284,0.24725,0.55305,0.80949,0.00619
10/3/2021,0.39614,0.49754,0.82941,0.96382,0.79856,0.02420,0.76363,0.36361,0.93352,0.77359,0.50464,0.66018,0.91388,0.62149,0.31752,0.67456,0.86650
10/4/2021,0.43744,0.77665,0.00926,0.92314,0.18128,0.02891,0.21636,0.18653,0.46808,0.95824,0.65773,0.36907,0.02555,0.95152,0.28251,0.87157,0.68139
10/5/2021,0.11050,0.23990,0.08039,0.48467,0.90333,0.44703,0.83815,0.00685,0.29888,0.34001,0.55491,0.90440,0.88343,0.04973,0.12640,0.76887,0.42662
10/6/2021,0.84680,0.58349,0.47932,0.73071,0.74669,0.60023,0.07973,0.27380,0.82260,0.31730,0.88556,0.30353,0.01574,0.88722,0.81315,0.28860,0.10566
10/7/2021,0.65726,0.38581,0.88340,0.55242,0.99240,0.99017,0.96675,0.37018,0.25555,0.65544,0.45640,0.75305,0.42242,0.32736,0.54712,0.14442,0.74204
10/8/2021,0.98157,0.70235,0.08615,0.66980,0.23107,0.49212,0.85702,0.30880,0.13172,0.30316,0.65047,0.92838,0.11300,0.44210,0.82480,0.46320,0.57407
10/9/2021,0.90512,0.55791,0.64325,0.79371,0.21077,0.69949,0.95365,0.92972,0.40631,0.72008,0.38668,0.45191,0.26269,0.94687,0.75498,0.47648,0.01174
10/10/2021,0.47666,0.58835,0.39521,0.60679,0.47512,0.43086,0.89617,0.99726,0.64926,0.93331,0.42051,0.22742,0.21665,0.92819,0.23621,0.02655,0.82102
10/11/2021,0.40123,0.20388,0.36034,0.44591,0.62080,0.11825,0.13841,0.59800,0.35341,0.58200,0.39815,0.63193,0.06451,0.34843,0.02158,0.61897,0.47544
10/12/2021,0.97092,0.27193,0.69065,0.70372,0.20578,0.91239,0.92312,0.45283,0.34182,0.89412,0.78261,0.55438,0.94512,0.53810,0.76025,0.40742,0.19682
10/13/2021,0.33617,0.80481,0.59569,0.53473,0.65457,0.65497,0.48009,0.49468,0.49410,0.22858,0.01043,0.20302,0.61932,0.46797,0.39472,0.39894,0.73252
10/14/2021,0.86848,0.93490,0.80911,0.75435,0.77054,0.76903,0.16156,0.48874,0.63375,0.40987,0.88792,0.42916,0.30259,0.92511,0.25704,0.63533,0.99172
10/15/2021,0.57009,0.31678,0.48826,0.63668,0.65098,0.56814,0.71772,0.42578,0.58939,0.84335,0.32355,0.50822,0.23091,0.12404,0.01774,0.81323,0.06545
10/16/2021,0.69666,0.15587,0.36381,0.11412,0.43677,0.00238,0.94141,0.42674,0.75105,0.10395,0.20169,0.41064,0.28607,0.35048,0.69027,0.86667,0.35571
10/17/2021,0.17915,0.18583,0.68935,0.69864,0.13304,0.13816,0.73944,0.40554,0.33456,0.67075,0.52495,0.18274,0.73832,0.61745,0.03517,0.28324,0.61894
10/18/2021,0.49019,0.66855,0.22025,0.12929,0.72852,0.84952,0.87732,0.90466,0.54667,0.71769,0.78704,0.30689,0.74740,0.49122,0.78359,0.60110,0.08641
10/19/2021,0.46407,0.71711,0.94450,0.67932,0.57823,0.19720,0.88452,0.71724,0.64866,0.99018,0.06773,0.85896,0.08723,0.34907,0.49593,0.56573,0.24144
10/20/2021,0.30739,0.73431,0.49998,0.32047,0.66509,0.42721,0.32257,0.71967,0.20938,0.74661,0.38180,0.76283,0.39485,0.99600,0.45056,0.90500,0.52390
10/21/2021,0.50007,0.34860,0.00540,0.69683,0.89105,0.52360,0.49686,0.31297,0.96080,0.59316,0.78312,0.15342,0.52424,0.83705,0.34586,0.02407,0.20154
10/22/2021,0.55573,0.53344,0.49046,0.08620,0.33917,0.49916,0.43525,0.24645,0.74946,0.69405,0.50188,0.95899,0.78475,0.25735,0.53480,0.92929,0.26085
10/23/2021,0.62197,0.47730,0.06533,0.35798,0.84413,0.70185,0.23564,0.15475,0.02623,0.38876,0.63022,0.74575,0.51724,0.52738,0.81573,0.42497,0.77199
10/24/2021,0.99345,0.17749,0.29833,0.29643,0.76960,0.96311,0.52794,0.34060,0.78909,0.59450,0.61798,0.44563,0.65426,0.40792,0.51982,0.89686,0.63617
10/25/2021,0.70890,0.33887,0.81838,0.89472,0.97433,0.52628,0.40989,0.43750,0.08704,0.18431,0.10565,0.51023,0.58500,0.77394,0.92002,0.36255,0.66581
10/26/2021,0.39166,0.78349,0.79011,0.67021,0.88139,0.80907,0.74187,0.17099,0.49137,0.05378,0.07538,0.30768,0.36986,0.82418,0.58086,0.94322,0.71482
10/27/2021,0.77506,0.12287,0.59410,0.77294,0.56788,0.63784,0.46863,0.23965,0.76377,0.12151,0.94356,0.01195,0.41455,0.52419,0.88953,0.68174,0.84491
10/28/2021,0.59456,0.05147,0.23316,0.74404,0.05196,0.01706,0.34331,0.82553,0.25383,0.88339,0.14027,0.12914,0.18158,0.75060,0.18543,0.50912,0.46204
10/29/2021,0.66159,0.07191,0.39390,0.84831,0.53050,0.62484,0.49624,0.63349,0.56419,0.35332,0.96407,0.02103,0.00752,0.66670,0.79765,0.74394,0.48960
10/30/2021,0.29300,0.93782,0.96014,0.24278,0.89251,0.51985,0.05753,0.98733,0.55494,0.19027,0.39148,0.40630,0.03671,0.47817,0.57670,0.70082,0.20917
10/31/2021,0.40380,0.78124,0.86085,0.59013,0.06055,0.86615,0.45455,0.83419,0.50484,0.44505,0.48722,0.50081,0.75878,0.04791,0.38072,0.65649,0.30598
11/1/2021,0.55868,0.07997,0.53957,0.28329,0.51809,0.60777,0.80131,0.39801,0.37121,0.88719,0.52740,0.45147,0.33652,0.11403,0.92021,0.51613,0.29240
11/2/2021,0.57237,0.31241,0.68295,0.74405,0.84851,0.15371,0.74691,0.27710,0.98125,0.01349,0.52450,0.55358,0.57162,0.60200,0.36071,0.13576,0.54551
11/3/2021,0.33987,0.36277,0.94062,0.33155,0.78556,0.77462,0.18368,0.91784,0.33875,0.34184,0.14023,0.73105,0.92209,0.18453,0.26556,0.50728,0.29317
11/4/2021,0.83227,0.42898,0.27771,0.17242,0.74907,0.33880,0.81726,0.59725,0.43256,0.10444,0.41641,0.05419,0.77798,0.98770,0.38262,0.11239,0.26017
11/5/2021,0.26879,0.22779,0.35137,0.52632,0.52577,0.75247,0.73989,0.23155,0.09951,0.12628,0.34297,0.06523,0.59534,0.60836,0.90739,0.19745,0.86318
11/6/2021,0.76700,0.33529,0.78785,0.98529,0.58512,0.99791,0.44539,0.25705,0.31952,0.07850,0.32828,0.24387,0.70173,0.22538,0.81404,0.50378,0.71617
11/7/2021,0.80247,0.09252,0.71885,0.88541,0.16268,0.19790,0.11512,0.97312,0.38411,0.54380,0.84601,0.95233,0.08158,0.37774,0.40431,0.40568,0.76936
11/8/2021,0.23675,0.72429,0.88146,0.34973,0.74404,0.70058,0.55943,0.42892,0.50909,0.63502,0.59968,0.05145,0.62946,0.65074,0.99587,0.87799,0.80550
11/9/2021,0.24282,0.61467,0.11235,0.65782,0.37093,0.34504,0.63104,0.85418,0.17343,0.47315,0.46873,0.34044,0.81531,0.11975,0.22435,0.90350,0.81462
11/10/2021,0.20250,0.10968,0.65652,0.75036,0.36760,0.48930,0.59368,0.65750,0.68788,0.45544,0.22597,0.49994,0.09814,0.85310,0.01573,0.54910,0.65271
11/11/2021,0.72755,0.30647,0.66118,0.76504,0.70695,0.22496,0.44042,0.91237,0.55171,0.34442,0.03895,0.28517,0.04699,0.49188,0.58195,0.59544,0.08189
11/12/2021,0.20228,0.90789,0.92629,0.93377,0.28336,0.16007,0.16940,0.94797,0.57431,0.18328,0.23916,0.41151,0.75220,0.62058,0.92167,0.07888,0.11850
11/13/2021,0.48171,0.43086,0.76443,0.11987,0.96132,0.82980,0.29274,0.08548,0.94043,0.25283,0.14623,0.78108,0.23916,0.61218,0.17615,0.80066,0.35222
11/14/2021,0.76604,0.96473,0.47672,0.55898,0.62018,0.18687,0.77740,0.51105,0.12267,0.64214,0.94157,0.14689,0.45122,0.14354,0.00883,0.50966,0.12898
11/15/2021,0.51908,0.31165,0.83260,0.88472,0.09249,0.73120,0.33557,0.14229,0.97117,0.50139,0.17039,0.35476,0.37970,0.54723,0.23519,0.19330,0.25988
11/16/2021,0.54444,0.10651,0.77263,0.80365,0.96267,0.98822,0.06559,0.59040,0.51755,0.69615,0.80188,0.04765,0.15652,0.97584,0.43623,0.85862,0.26597
11/17/2021,0.12662,0.97971,0.45647,0.87076,0.15444,0.76543,0.44527,0.82136,0.11481,0.24222,0.14205,0.53296,0.49801,0.17100,0.11102,0.00005,0.89556
11/18/2021,0.37739,0.20542,0.99177,0.54432,0.49983,0.62045,0.88600,0.60162,0.00589,0.45879,0.62836,0.47703,0.48165,0.85390,0.17488,0.05416,0.53800
11/19/2021,0.73571,0.35648,0.14745,0.48602,0.60640,0.60789,0.84241,0.54030,0.56902,0.02640,0.85750,0.16551,0.30633,0.24582,0.46706,0.51786,0.96559
11/20/2021,0.53565,0.87687,0.69464,0.15816,0.87615,0.72015,0.76299,0.03243,0.75601,0.77638,0.68017,0.82990,0.93686,0.59646,0.57583,0.03251,0.02640
11/21/2021,0.71114,0.91430,0.98299,0.78881,0.29063,0.00171,0.80992,0.18526,0.19416,0.90686,0.33684,0.98701,0.33508,0.37826,0.80253,0.20622,0.97677
11/22/2021,0.63723,0.72762,0.27150,0.78667,0.79141,0.96433,0.07530,0.88474,0.09430,0.59889,0.63644,0.16482,0.35721,0.24131,0.65044,0.45148,0.98070
11/23/2021,0.35469,0.01358,0.11530,0.23922,0.71788,0.19701,0.17072,0.38596,0.74847,0.19727,0.18514,0.96774,0.91573,0.61666,0.05721,0.66122,0.27457
11/24/2021,0.82349,0.92632,0.79950,0.48396,0.68976,0.27666,0.44034,0.74276,0.90865,0.16100,0.76805,0.40384,0.44022,0.57457,0.69840,0.00652,0.03889
11/25/2021,0.36004,0.21116,0.20647,0.98336,0.10688,0.78915,0.61789,0.61146,0.43019,0.47410,0.35285,0.45503,0.90447,0.04336,0.56611,0.97375,0.22385
11/26/2021,0.89530,0.39031,0.36410,0.83414,0.05264,0.24078,0.40074,0.91380,0.00796,0.73260,0.99661,0.67189,0.51497,0.92853,0.22990,0.04430,0.47460
11/27/2021,0.73025,0.81743,0.14161,0.34665,0.21573,0.33493,0.55030,0.63201,0.62094,0.78427,0.33896,0.38680,0.70520,0.02420,0.61600,0.50112,0.43612
11/28/2021,0.09283,0.95052,0.99468,0.56773,0.93481,0.57811,0.92020,0.41889,0.80935,0.39898,0.06820,0.82455,0.97072,0.40863,0.58857,0.34239,0.50106
11/29/2021,0.87700,0.91217,0.99450,0.29251,0.38247,0.05455,0.81955,0.63905,0.58220,0.55449,0.09402,0.58410,0.86042,0.20134,0.53915,0.56202,0.87827
11/30/2021,0.18149,0.95502,0.39513,0.78745,0.09694,0.47447,0.12927,0.76262,0.36349,0.75568,0.01037,0.62817,0.19227,0.75627,0.63031,0.73004,0.89656
12/1/2021,0.46226,0.57578,0.91888,0.02952,0.48379,0.09844,0.77648,0.97306,0.57278,0.40192,0.07176,0.40091,0.40822,0.18580,0.89199,0.59409,0.73099
12/2/2021,0.38081,0.39506,0.16999,0.42580,0.72592,0.62741,0.47824,0.07376,0.36805,0.96488,0.32288,0.41879,0.92241,0.47264,0.20230,0.13911,0.04689
12/3/2021,0.63836,0.43906,0.85815,0.24204,0.38315,0.62404,0.23776,0.69081,0.33946,0.07871,0.75523,0.14457,0.68541,0.67975,0.74129,0.69860,0.32964
12/4/2021,0.67809,0.67469,0.84303,0.61679,0.39243,0.96453,0.65233,0.16953,0.75261,0.70303,0.38175,0.60281,0.55469,0.17621,0.04685,0.06132,0.26143
12/5/2021,0.02314,0.76406,0.97969,0.58779,0.67190,0.19889,0.24451,0.92541,0.82185,0.27868,0.69206,0.51166,0.81459,0.71629,0.90457,0.55483,0.56461
12/6/2021,0.17105,0.72756,0.03365,0.69218,0.94972,0.92881,0.69377,0.21647,0.29687,0.35755,0.27650,0.78677,0.21688,0.19728,0.86465,0.19511,0.57149
12/7/2021,0.28559,0.57257,0.56597,0.05305,0.94987,0.26810,0.10236,0.41401,0.85357,0.09176,0.98468,0.89226,0.36714,0.32987,0.09322,0.39918,0.13013
12/8/2021,0.59276,0.41527,0.93419,0.17496,0.37982,0.87209,0.49269,0.58899,0.28162,0.19838,0.03779,0.13830,0.42390,0.33189,0.00927,0.82451,0.51280
12/9/2021,0.60322,0.65632,0.65726,0.45889,0.34915,0.30935,0.05912,0.35892,0.60168,0.43366,0.68384,0.37544,0.65925,0.61475,0.26636,0.31626,0.31548
12/10/2021,0.71974,0.35465,0.87570,0.10533,0.61630,0.77783,0.83247,0.32708,0.63391,0.52381,0.27871,0.90267,0.29317,0.29805,0.88835,0.28647,0.66235
12/11/2021,0.54180,0.86711,0.24915,0.11605,0.57770,0.05923,0.21059,0.89277,0.32846,0.86570,0.07918,0.97617,0.79866,0.96913,0.04388,0.36793,0.69180
12/12/2021,0.33835,0.06489,0.99178,0.94731,0.26230,0.87283,0.13817,0.27371,0.44008,0.96431,0.19177,0.53589,0.75792,0.04814,0.67637,0.80483,0.42856
12/13/2021,0.27107,0.60263,0.97186,0.25582,0.97555,0.02044,0.84532,0.86818,0.80799,0.77569,0.10433,0.63288,0.24577,0.81474,0.37280,0.26998,0.21701
12/14/2021,0.98990,0.85652,0.56445,0.59910,0.62347,0.02670,0.20181,0.04336,0.17111,0.66364,0.86270,0.43993,0.11007,0.06876,0.58215,0.13992,0.56065
12/15/2021,0.58067,0.90158,0.02551,0.72346,0.49012,0.75619,0.42218,0.24978,0.82503,0.05973,0.02051,0.20688,0.24758,0.70370,0.74093,0.66450,0.17051
12/16/2021,0.16037,0.33080,0.22917,0.50567,0.56307,0.56441,0.38151,0.83826,0.34633,0.16188,0.92778,0.46597,0.10278,0.00243,0.67192,0.84039,0.91971
12/17/2021,0.32275,0.28133,0.51823,0.83736,0.86579,0.06291,0.55616,0.71852,0.96190,0.58697,0.44118,0.47814,0.98157,0.50614,0.10600,0.98673,0.58649
12/18/2021,0.13621,0.22749,0.66051,0.55223,0.07609,0.34820,0.73781,0.85521,0.82836,0.74657,0.14332,0.84707,0.18861,0.24365,0.00471,0.57357,0.72856
12/19/2021,0.89910,0.60621,0.11152,0.55536,0.30762,0.38580,0.75823,0.23109,0.55057,0.56125,0.79514,0.55796,0.82475,0.23892,0.97310,0.21418,0.87920
12/20/2021,0.22303,0.89517,0.21986,0.08335,0.07167,0.89054,0.45964,0.17724,0.76195,0.08203,0.07914,0.23665,0.53760,0.53815,0.59550,0.45679,0.97007
12/21/2021,0.05143,0.01029,0.41067,0.81124,0.98513,0.27378,0.69919,0.78668,0.81241,0.82568,0.66618,0.87583,0.37434,0.91061,0.12058,0.28421,0.92176
12/22/2021,0.75948,0.44895,0.93674,0.03188,0.76095,0.43756,0.87115,0.97719,0.30589,0.81258,0.68349,0.72840,0.70643,0.96951,0.90208,0.55813,0.89118
12/23/2021,0.22527,0.35181,0.42134,0.16458,0.55424,0.04238,0.09875,0.19248,0.00237,0.04446,0.50058,0.00372,0.71192,0.80190,0.04152,0.37071,0.31069
12/24/2021,0.70969,0.73359,0.40835,0.20819,0.73019,0.60838,0.93813,0.59658,0.13993,0.82492,0.05558,0.25279,0.31473,0.12060,0.20262,0.90254,0.35087
12/25/2021,0.80668,0.71526,0.56875,0.34829,0.84658,0.23766,0.57373,0.46958,0.99589,0.10915,0.92415,0.89997,0.12621,0.57643,0.02130,0.43700,0.13793
12/26/2021,0.12718,0.80457,0.06529,0.39401,0.63616,0.37216,0.79714,0.64804,0.04708,0.31162,0.23785,0.91135,0.77394,0.26081,0.61533,0.41597,0.81936
12/27/2021,0.60785,0.08152,0.86606,0.15312,0.77598,0.39715,0.08774,0.68780,0.03051,0.67215,0.43291,0.54048,0.25236,0.84923,0.38515,0.74036,0.80833
12/28/2021,0.38336,0.64983,0.56141,0.42520,0.97775,0.00966,0.55814,0.61991,0.95658,0.60751,0.68406,0.60446,0.01766,0.21369,0.17122,0.71683,0.90144
12/29/2021,0.40602,0.76317,0.33517,0.71328,0.38953,0.15723,0.43823,0.33107,0.93685,0.43589,0.62485,0.21887,0.12896,0.20321,0.53634,0.76156,0.19463
12/30/2021,0.16708,0.24930,0.10187,0.26181,0.23719,0.30508,0.02909,0.26589,0.46664,0.93244,0.36942,0.17656,0.27261,0.80831,0.61416,0.39990,0.22899
12/31/2021,0.28435,0.28730,0.91567,0.27233,0.18861,0.37033,0.69889,0.23994,0.13566,0.95378,0.37976,0.21863,0.73972,0.20146,0.61642,0.76724,0.77941
1/1/2022,0.98318,0.82959,0.72104,0.90677,0.32126,0.48762,0.32414,0.91445,0.89070,0.71401,0.32917,0.41546,0.51874,0.80876,0.46806,0.96323,0.50954
1/2/2022,0.78442,0.92320,0.08736,0.98886,0.91759,0.26593,0.44655,0.83838,0.44126,0.23455,0.24952,0.20933,0.43915,0.81068,0.61003,0.26158,0.16342
1/3/2022,0.19525,0.65486,0.85503,0.29272,0.71989,0.82444,0.17150,0.43657,0.13522,0.45700,0.74981,0.74940,0.62545,0.21183,0.02902,0.61713,0.28512
1/4/2022,0.11117,0.74894,0.37301,0.36018,0.03409,0.81027,0.83986,0.50355,0.50699,0.19361,0.81672,0.08068,0.70319,0.37851,0.27253,0.88353,0.75131
1/5/2022,0.74005,0.61451,0.17892,0.05178,0.26530,0.10559,0.75329,0.64156,0.58365,0.20690,0.58898,0.54764,0.71995,0.86303,0.18499,0.70238,0.08993
1/6/2022,0.84562,0.45724,0.43863,0.77828,0.30249,0.69965,0.27239,0.49333,0.06524,0.44086,0.43787,0.02363,0.61216,0.33768,0.12437,0.39998,0.65325
1/7/2022,0.19072,0.60408,0.82466,0.52469,0.25428,0.23410,0.69178,0.92239,0.77468,0.64095,0.26102,0.89946,0.30500,0.82936,0.40248,0.67300,0.11488
1/8/2022,0.98897,0.25276,0.36446,0.45399,0.76831,0.21373,0.06191,0.62693,0.33003,0.13701,0.60412,0.90503,0.57531,0.00334,0.38766,0.44967,0.57704
1/9/2022,0.38376,0.49449,0.19277,0.41287,0.50869,0.13652,0.37529,0.69070,0.16379,0.95860,0.47071,0.41254,0.92025,0.26644,0.76508,0.40214,0.92016
1/10/2022,0.53512,0.05640,0.05425,0.33047,0.57778,0.14819,0.36199,0.81772,0.86287,0.52234,0.70577,0.54477,0.64988,0.41623,0.99996,0.47615,0.68203
1/11/2022,0.16349,0.10945,0.22843,0.23906,0.75722,0.21015,0.36124,0.23017,0.74290,0.13107,0.32837,0.80932,0.57825,0.26429,0.35227,0.67190,0.96288
1/12/2022,0.94712,0.63497,0.16790,0.63385,0.76317,0.67589,0.79526,0.56506,0.17181,0.38119,0.94498,0.56168,0.34299,0.90349,0.20021,0.98766,0.02460
1/13/2022,0.53419,0.62895,0.52883,0.15853,0.89712,0.94657,0.79118,0.83217,0.32063,0.09848,0.41287,0.44919,0.84034,0.96246,0.45070,0.67913,0.54817
1/14/2022,0.17701,0.46804,0.48517,0.42835,0.19416,0.51091,0.88111,0.64050,0.72056,0.01482,0.37525,0.56517,0.33633,0.33517,0.29987,0.71108,0.37997
1/15/2022,0.49490,0.33231,0.09578,0.96465,0.84712,0.20039,0.52123,0.90130,0.63125,0.84959,0.63392,0.79161,0.64998,0.16320,0.32638,0.93830,0.88935
1/16/2022,0.66179,0.72546,0.41364,0.12204,0.72529,0.62903,0.43228,0.48143,0.20673,0.89742,0.64268,0.60686,0.64501,0.38002,0.06701,0.99905,0.08022
1/17/2022,0.48593,0.19563,0.12751,0.58591,0.56057,0.27200,0.34377,0.44637,0.06325,0.76334,0.02141,0.31287,0.71146,0.56162,0.76104,0.36447,0.14931
1/18/2022,0.87469,0.35542,0.23703,0.69212,0.46302,0.44703,0.80636,0.77817,0.27148,0.58753,0.75721,0.18795,0.72356,0.44890,0.34052,0.79185,0.00649
1/19/2022,0.10454,0.26329,0.92651,0.73806,0.69578,0.32188,0.69660,0.78592,0.57954,0.98460,0.37264,0.16699,0.86008,0.62204,0.85323,0.03807,0.04735
1/20/2022,0.06969,0.25921,0.99868,0.84888,0.33425,0.80466,0.16359,0.59659,0.07169,0.90805,0.51294,0.40898,0.81141,0.82369,0.01738,0.17679,0.86614
1/21/2022,0.73728,0.47689,0.57805,0.80270,0.68315,0.69040,0.49839,0.82341,0.03228,0.12907,0.29663,0.22597,0.67128,0.77054,0.30019,0.58094,0.89300
1/22/2022,0.92348,0.80371,0.35560,0.10943,0.53183,0.34861,0.32111,0.26660,0.07860,0.04325,0.70531,0.87834,0.80266,0.89372,0.21044,0.01027,0.32048
1/23/2022,0.68250,0.18684,0.29314,0.50342,0.21300,0.00120,0.81777,0.77773,0.12808,0.45759,0.75120,0.08728,0.97955,0.74267,0.17523,0.12344,0.37777
1/24/2022,0.02817,0.14052,0.63145,0.28106,0.70981,0.52973,0.54438,0.47369,0.44348,0.18113,0.81889,0.34974,0.26236,0.89387,0.13377,0.29231,0.03851
1/25/2022,0.14122,0.00929,0.93859,0.49980,0.64252,0.48029,0.90272,0.34633,0.35362,0.48410,0.68557,0.36126,0.37190,0.51122,0.87065,0.91326,0.68583
1/26/2022,0.89813,0.68869,0.01953,0.97687,0.38952,0.93525,0.88634,0.07612,0.78685,0.59497,0.97378,0.05732,0.92517,0.81070,0.67820,0.63529,0.62089
1/27/2022,0.12929,0.40157,0.95055,0.84740,0.41398,0.38756,0.49603,0.79919,0.57842,0.95436,0.94927,0.02398,0.10810,0.07853,0.07415,0.80291,0.91816
1/28/2022,0.43449,0.49023,0.84887,0.27967,0.59415,0.52523,0.49014,0.61175,0.44265,0.38605,0.51653,0.95378,0.02950,0.92630,0.11387,0.45827,0.22713
1/29/2022,0.37967,0.95725,0.77597,0.16912,0.09205,0.22806,0.14819,0.97229,0.67247,0.04858,0.87530,0.15679,0.82850,0.49418,0.73188,0.29520,0.95931
1/30/2022,0.17705,0.54904,0.39146,0.34982,0.66781,0.24592,0.04272,0.51972,0.52109,0.79080,0.13710,0.57024,0.88109,0.13751,0.16051,0.82496,0.62019
1/31/2022,0.48184,0.82903,0.25820,0.41317,0.93153,0.40256,0.53998,0.07956,0.80731,0.53707,0.74109,0.56416,0.17117,0.49641,0.67827,0.88378,0.45577
2/1/2022,0.67601,0.88032,0.19437,0.92045,0.65011,0.50642,0.35223,0.42616,0.37073,0.19331,0.79708,0.46628,0.77037,0.97964,0.16183,0.56243,0.03465
2/2/2022,0.73464,0.53964,0.10484,0.67871,0.36024,0.77450,0.00521,0.41641,0.55653,0.46938,0.17023,0.44295,0.26738,0.41084,0.48851,0.60120,0.63815
2/3/2022,0.76752,0.52946,0.30163,0.94503,0.41737,0.33290,0.77901,0.54754,0.77719,0.09021,0.94452,0.83170,0.33892,0.79769,0.08149,0.58576,0.82312
2/4/2022,0.81444,0.55852,0.64382,0.06633,0.92566,0.40243,0.36721,0.46111,0.33903,0.77732,0.54173,0.28200,0.85202,0.04779,0.87566,0.20644,0.10518
2/5/2022,0.15542,0.86149,0.80228,0.96990,0.76157,0.53765,0.53622,0.33814,0.80252,0.35194,0.04727,0.72185,0.56470,0.18353,0.33653,0.51956,0.21602
2/6/2022,0.56698,0.28701,0.06012,0.14965,0.57690,0.95335,0.35581,0.57888,0.58348,0.12155,0.13077,0.59017,0.31827,0.05010,0.57966,0.92465,0.10937
2/7/2022,0.83509,0.42159,0.31793,0.41644,0.31014,0.46107,0.11235,0.46477,0.20125,0.77934,0.04512,0.92081,0.00678,0.46417,0.99174,0.92241,0.21124
2/8/2022,0.41043,0.91048,0.67269,0.22854,0.88119,0.33076,0.53541,0.01162,0.60727,0.26705,0.57421,0.63808,0.49540,0.46129,0.98621,0.87535,0.33110
2/9/2022,0.02168,0.71730,0.69097,0.43491,0.29382,0.95370,0.64361,0.42531,0.53687,0.69447,0.51222,0.66789,0.88610,0.46242,0.33286,0.94925,0.96086
2/10/2022,0.93926,0.07182,0.94867,0.86428,0.45073,0.00460,0.38870,0.41820,0.07892,0.41435,0.73417,0.21215,0.46746,0.99438,0.57857,0.78439,0.07608
2/11/2022,0.97221,0.15011,0.37841,0.24911,0.73476,0.09416,0.53840,0.12332,0.79575,0.20910,0.12922,0.19186,0.47157,0.36335,0.90657,0.38355,0.90173
2/12/2022,0.39932,0.29908,0.77185,0.93269,0.12367,0.92774,0.08835,0.36785,0.54076,0.41829,0.01776,0.23149,0.74217,0.42290,0.96151,0.07973,0.75742
2/13/2022,0.05110,0.48996,0.09926,0.09874,0.17584,0.92975,0.41930,0.87264,0.48202,0.86841,0.25558,0.45487,0.38019,0.14090,0.44660,0.37632,0.21983
2/14/2022,0.59378,0.48769,0.84866,0.94496,0.12756,0.87702,0.94871,0.25245,0.58322,0.70886,0.89402,0.87240,0.38436,0.31861,0.18373,0.11646,0.10390
2/15/2022,0.57295,0.10477,0.95135,0.85610,0.59424,0.38524,0.72178,0.29059,0.88599,0.65521,0.93397,0.63221,0.96119,0.21949,0.52740,0.05272,0.84059
2/16/2022,0.79792,0.75675,0.38766,0.49188,0.39305,0.50865,0.04815,0.48190,0.99073,0.93939,0.35086,0.41282,0.39823,0.98753,0.16092,0.46231,0.05834
2/17/2022,0.05662,0.78564,0.56755,0.48685,0.59428,0.32939,0.80540,0.09054,0.56452,0.18217,0.51786,0.17609,0.84232,0.88318,0.21748,0.58933,0.59200
2/18/2022,0.04248,0.38520,0.16999,0.71314,0.87239,0.57687,0.66435,0.68927,0.78763,0.74340,0.40203,0.44579,0.74616,0.88776,0.34550,0.59827,0.82802
2/19/2022,0.81797,0.97056,0.19533,0.32166,0.75257,0.31032,0.28729,0.66558,0.99158,0.31188,0.70751,0.92875,0.60562,0.87411,0.87350,0.13055,0.28039
2/20/2022,0.61862,0.70128,0.03057,0.32096,0.71530,0.85525,0.22869,0.57492,0.15371,0.82876,0.84818,0.25950,0.50874,0.72297,0.99464,0.77941,0.46282
2/21/2022,0.81701,0.95847,0.94831,0.77255,0.46522,0.61121,0.91057,0.19314,0.31279,0.74107,0.09255,0.59320,0.24406,0.84775,0.29898,0.14025,0.95053
2/22/2022,0.90693,0.93019,0.50129,0.17663,0.32840,0.57125,0.49158,0.89120,0.66335,0.01191,0.77708,0.57501,0.03911,0.20642,0.92651,0.33016,0.93859
2/23/2022,0.07699,0.62125,0.74471,0.56858,0.03686,0.25109,0.63898,0.08706,0.88520,0.62949,0.36647,0.16996,0.91645,0.37866,0.08422,0.33748,0.38691
2/24/2022,0.45558,0.53325,0.72552,0.63183,0.50514,0.39344,0.09800,0.85399,0.41411,0.14856,0.29317,0.26712,0.34057,0.88888,0.62722,0.44800,0.92475
2/25/2022,0.46239,0.27670,0.24220,0.48283,0.24366,0.26386,0.34800,0.05410,0.65447,0.42559,0.16603,0.69161,0.18860,0.14225,0.08020,0.28142,0.95265
2/26/2022,0.88532,0.35010,0.37414,0.95315,0.59435,0.63315,0.16659,0.14460,0.93315,0.01720,0.37221,0.51973,0.71859,0.57820,0.25202,0.83753,0.11822
2/27/2022,0.24879,0.36272,0.88383,0.05617,0.29767,0.75809,0.19006,0.08504,0.82575,0.68090,0.97417,0.24108,0.34014,0.84087,0.45755,0.34067,0.79342
2/28/2022,0.74289,0.15428,0.00190,0.90369,0.20853,0.67795,0.50232,0.31420,0.30136,0.65990,0.70413,0.92229,0.75546,0.97946,0.22784,0.68804,0.20010
3/1/2022,0.33444,0.22248,0.23560,0.25413,0.53132,0.79125,0.05786,0.32259,0.47315,0.66221,0.90440,0.18209,0.08039,0.85175,0.05838,0.16385,0.82869
3/2/2022,0.92779,0.64970,0.11015,0.51035,0.38988,0.73175,0.18807,0.56177,0.75222,0.46739,0.42342,0.93913,0.10070,0.92565,0.78049,0.32199,0.95734
3/3/2022,0.79859,0.05594,0.49660,0.34151,0.37656,0.28605,0.02188,0.52091,0.84385,0.97081,0.48482,0.40800,0.00056,0.21813,0.23844,0.58227,0.12520
3/4/2022,0.59072,0.82314,0.05629,0.67772,0.18641,0.33277,0.52176,0.33416,0.61955,0.35780,0.65644,0.10114,0.69789,0.98420,0.86798,0.63498,0.65011
3/5/2022,0.63681,0.31914,0.07638,0.26418,0.38616,0.57585,0.15375,0.44015,0.81104,0.45324,0.86841,0.58184,0.98598,0.20435,0.41181,0.51362,0.86568
3/6/2022,0.98885,0.84521,0.80695,0.69708,0.03411,0.10714,0.83835,0.94447,0.10756,0.42506,0.59089,0.49376,0.01294,0.26613,0.12408,0.39687,0.61354
3/7/2022,0.16283,0.48870,0.49005,0.00982,0.10904,0.92279,0.74828,0.52252,0.40277,0.94550,0.97911,0.24700,0.16987,0.60704,0.41392,0.62662,0.23886
3/8/2022,0.41500,0.61395,0.60867,0.52665,0.74504,0.00003,0.33781,0.89363,0.09159,0.42561,0.82711,0.03543,0.12545,0.94555,0.48820,0.72210,0.06603
3/9/2022,0.52603,0.87533,0.93252,0.04112,0.41192,0.50128,0.32023,0.12311,0.72742,0.16739,0.09536,0.11587,0.29404,0.81879,0.07690,0.36961,0.58966
3/10/2022,0.97928,0.48128,0.13208,0.04507,0.38713,0.57730,0.38092,0.88693,0.08637,0.58676,0.92998,0.14857,0.34673,0.68546,0.80989,0.03221,0.54017
3/11/2022,0.23922,0.85500,0.15224,0.57583,0.64166,0.61347,0.53469,0.84284,0.48579,0.42200,0.88170,0.82419,0.03248,0.97367,0.09964,0.05065,0.22563
3/12/2022,0.94206,0.39022,0.11484,0.53193,0.34054,0.66172,0.19957,0.43466,0.01175,0.51942,0.56933,0.74992,0.72111,0.26051,0.34898,0.71768,0.17220
3/13/2022,0.88131,0.95110,0.41776,0.22515,0.76500,0.46218,0.96384,0.44394,0.45314,0.66276,0.75122,0.45471,0.66211,0.63904,0.66443,0.92356,0.54705
3/14/2022,0.66524,0.73255,0.82526,0.95931,0.84764,0.05663,0.13891,0.73599,0.86644,0.20158,0.22742,0.34443,0.26246,0.73584,0.30374,0.42628,0.69890
3/15/2022,0.39646,0.45468,0.50896,0.76548,0.27949,0.86907,0.24480,0.35776,0.58570,0.47846,0.89207,0.13369,0.64625,0.90346,0.94323,0.56962,0.66205
3/16/2022,0.08794,0.18132,0.09411,0.25870,0.47328,0.56574,0.24655,0.82263,0.69545,0.09983,0.88200,0.98481,0.84514,0.64212,0.09395,0.34274,0.04782
3/17/2022,0.66023,0.27352,0.57421,0.06387,0.66689,0.91539,0.32313,0.90315,0.25006,0.47420,0.71110,0.72379,0.40891,0.85990,0.02107,0.29677,0.76761
3/18/2022,0.05890,0.69177,0.86856,0.45514,0.33801,0.09283,0.30314,0.39650,0.92659,0.03037,0.70004,0.06785,0.11785,0.68692,0.54179,0.04219,0.71494
3/19/2022,0.59295,0.27418,0.95943,0.50974,0.54841,0.04497,0.98167,0.52367,0.94781,0.77070,0.97965,0.36466,0.57624,0.80650,0.83298,0.18461,0.91951
3/20/2022,0.47019,0.91618,0.73920,0.81398,0.27042,0.68485,0.66084,0.36009,0.37303,0.20674,0.64146,0.77496,0.89567,0.43354,0.69919,0.87702,0.44102
3/21/2022,0.75045,0.56895,0.75415,0.47626,0.08865,0.38488,0.04875,0.27002,0.75189,0.60689,0.43456,0.38479,0.67805,0.12063,0.75501,0.30603,0.56039
3/22/2022,0.81870,0.29786,0.07425,0.06312,0.60739,0.79185,0.97138,0.65688,0.56951,0.04627,0.25232,0.35856,0.81393,0.27996,0.26915,0.37807,0.29563
3/23/2022,0.79940,0.49865,0.27488,0.21687,0.51627,0.49203,0.04794,0.70759,0.64386,0.05315,0.03991,0.15541,0.63021,0.16893,0.63293,0.26063,0.79497
3/24/2022,0.87582,0.33313,0.83489,0.59072,0.73184,0.44464,0.98750,0.38489,0.29462,0.52793,0.35709,0.91188,0.12534,0.55513,0.40052,0.09231,0.93294
3/25/2022,0.36825,0.06145,0.72808,0.93243,0.11427,0.29867,0.23127,0.11007,0.21336,0.44930,0.14443,0.15100,0.34279,0.75913,0.19975,0.66765,0.09842
3/26/2022,0.31693,0.45176,0.51222,0.61308,0.76694,0.56826,0.37963,0.54079,0.29307,0.53686,0.00587,0.23134,0.68797,0.09265,0.71893,0.00482,0.15880
3/27/2022,0.19753,0.39496,0.62028,0.88357,0.62750,0.84558,0.37714,0.43921,0.75224,0.25091,0.94099,0.81344,0.56829,0.07248,0.31646,0.54812,0.54043
3/28/2022,0.11183,0.63056,0.57592,0.59837,0.68750,0.29623,0.50798,0.44330,0.33337,0.39805,0.62220,0.62730,0.53365,0.04584,0.87499,0.59615,0.36080
3/29/2022,0.50811,0.66637,0.96699,0.35501,0.06380,0.65477,0.48473,0.75611,0.06381,0.57934,0.61982,0.48606,0.43303,0.16664,0.37471,0.99430,0.98279
3/30/2022,0.53083,0.79526,0.18591,0.87787,0.78964,0.93606,0.72709,0.34023,0.22295,0.95717,0.90001,0.03909,0.82712,0.52050,0.78677,0.39959,0.57023
3/31/2022,0.42746,0.12628,0.66871,0.50742,0.32113,0.10535,0.47542,0.81089,0.20016,0.00275,0.53550,0.11359,0.90627,0.96545,0.86513,0.31827,0.62783
4/1/2022,0.73883,0.97676,0.12689,0.76969,0.87042,0.37532,0.06104,0.59754,0.39399,0.49678,0.21411,0.74662,0.19838,0.33844,0.95376,0.44140,0.70355
4/2/2022,0.81762,0.33848,0.82776,0.07423,0.34552,0.91065,0.44829,0.45383,0.55521,0.80041,0.87150,0.69792,0.19158,0.15436,0.11683,0.19641,0.50530
4/3/2022,0.39391,0.02966,0.69679,0.17025,0.16779,0.54449,0.47167,0.83413,0.35659,0.30283,0.55946,0.58297,0.99555,0.40555,0.46085,0.70712,0.76532
4/4/2022,0.72510,0.31441,0.34510,0.20430,0.64382,0.69444,0.55499,0.18540,0.95770,0.97223,0.46164,0.71484,0.35670,0.65103,0.21647,0.75438,0.30078
4/5/2022,0.74231,0.99992,0.01337,0.93316,0.33870,0.46528,0.19993,0.87179,0.84706,0.32968,0.27555,0.14242,0.58043,0.31198,0.53385,0.87222,0.74932
4/6/2022,0.14548,0.00676,0.28367,0.49010,0.86072,0.41894,0.38937,0.88709,0.21514,0.47945,0.70053,0.89118,0.04533,0.77539,0.96815,0.32648,0.98017
4/7/2022,0.03777,0.76057,0.35402,0.80906,0.20507,0.18556,0.89299,0.68250,0.48257,0.59945,0.29281,0.61663,0.23057,0.43863,0.17562,0.32398,0.34302
4/8/2022,0.27540,0.45210,0.38366,0.40538,0.38628,0.81161,0.36966,0.24118,0.83856,0.17224,0.55444,0.31160,0.10254,0.17636,0.85386,0.60114,0.00501
4/9/2022,0.76416,0.83844,0.82485,0.98736,0.99726,0.65013,0.80690,0.16831,0.35501,0.47858,0.35784,0.83036,0.09169,0.98696,0.67874,0.87624,0.16203
4/10/2022,0.36313,0.87296,0.31165,0.01073,0.71318,0.61990,0.76067,0.74958,0.08557,0.98471,0.39455,0.23184,0.69145,0.95740,0.11683,0.09077,0.98884
4/11/2022,0.80157,0.68740,0.44679,0.48638,0.54511,0.18002,0.00110,0.71904,0.33358,0.91854,0.54946,0.08583,0.25947,0.14975,0.19063,0.27399,0.55055
4/12/2022,0.75154,0.84219,0.67232,0.47656,0.61784,0.30249,0.34520,0.92514,0.73060,0.21497,0.47170,0.14969,0.68534,0.41578,0.43650,0.29150,0.66821
4/13/2022,0.67291,0.46138,0.98334,0.29785,0.82113,0.63438,0.60614,0.00795,0.55845,0.17718,0.73374,0.94339,0.41373,0.67953,0.71626,0.61839,0.95824
4/14/2022,0.20319,0.62054,0.60712,0.84879,0.73359,0.90141,0.20458,0.09327,0.58499,0.44677,0.96669,0.48048,0.43213,0.84107,0.20486,0.37212,0.40726
4/15/2022,0.68582,0.82777,0.99988,0.57739,0.32554,0.00311,0.51094,0.89478,0.53804,0.26584,0.02718,0.05483,0.16613,0.72905,0.12711,0.22021,0.31966
4/16/2022,0.82593,0.11125,0.90459,0.23150,0.19931,0.95916,0.29114,0.31058,0.24877,0.66329,0.50329,0.13729,0.52916,0.35054,0.69804,0.36608,0.47120
4/17/2022,0.82932,0.01327,0.52828,0.58385,0.50391,0.06448,0.90420,0.41467,0.92217,0.33051,0.76552,0.89526,0.20869,0.99113,0.53589,0.69232,0.47231
4/18/2022,0.52902,0.17465,0.22462,0.20752,0.42250,0.21634,0.07854,0.68077,0.10461,0.28419,0.17818,0.44829,0.54729,0.87948,0.82277,0.28229,0.35022
4/19/2022,0.25539,0.20266,0.13943,0.16293,0.58110,0.67766,0.10810,0.84560,0.34297,0.54647,0.11664,0.05466,0.50358,0.62801,0.14853,0.28083,0.55195
4/20/2022,0.64811,0.12251,0.16156,0.82455,0.27632,0.25664,0.99390,0.32380,0.00483,0.06379,0.37986,0.52728,0.08375,0.58601,0.64342,0.57883,0.11194
4/21/2022,0.19446,0.58698,0.12691,0.75727,0.92771,0.96126,0.73261,0.65973,0.73095,0.05799,0.47118,0.15638,0.94771,0.67617,0.34624,0.63680,0.70781
4/22/2022,0.10024,0.50351,0.48253,0.71303,0.59622,0.22830,0.41530,0.53165,0.56269,0.95778,0.72747,0.37492,0.49772,0.30398,0.66688,0.31057,0.68485
4/23/2022,0.05809,0.73545,0.09055,0.62711,0.33000,0.58554,0.27035,0.11772,0.81058,0.02567,0.73165,0.37224,0.63963,0.98297,0.02036,0.50105,0.48489
4/24/2022,0.30544,0.04609,0.50137,0.75088,0.17488,0.03787,0.14995,0.75245,0.58884,0.78564,0.92047,0.06024,0.08166,0.21065,0.82642,0.52839,0.86708
4/25/2022,0.80127,0.41126,0.74892,0.30771,0.47719,0.91654,0.10866,0.93593,0.02660,0.10623,0.73212,0.44504,0.77010,0.64478,0.26517,0.53473,0.63013
4/26/2022,0.12723,0.12035,0.83231,0.48058,0.92850,0.65364,0.44183,0.40595,0.48268,0.70344,0.80534,0.08580,0.16425,0.34411,0.92210,0.25793,0.96185
4/27/2022,0.89174,0.50642,0.26219,0.27180,0.59714,0.73589,0.84552,0.66598,0.00804,0.95124,0.93394,0.08693,0.59123,0.18538,0.51716,0.54617,0.52523
4/28/2022,0.14780,0.64860,0.75875,0.21856,0.09878,0.76634,0.12514,0.23055,0.53169,0.69186,0.20034,0.70342,0.18795,0.13262,0.89548,0.56743,0.47894
4/29/2022,0.87197,0.15424,0.07625,0.75546,0.96822,0.84286,0.54371,0.39881,0.04081,0.27786,0.33574,0.34004,0.77939,0.26373,0.48942,0.27938,0.61029
4/30/2022,0.80455,0.56751,0.33309,0.38423,0.05396,0.18878,0.58872,0.02596,0.17341,0.25954,0.79104,0.00324,0.15064,0.29958,0.14524,0.07095,0.50688
5/1/2022,0.76096,0.69524,0.05980,0.22207,0.35640,0.11950,0.43159,0.15667,0.52851,0.65843,0.43026,0.28097,0.08464,0.65027,0.47284,0.81742,0.06322
5/2/2022,0.88780,0.45776,0.64808,0.99459,0.43815,0.36171,0.92045,0.56039,0.91541,0.82575,0.40359,0.00770,0.97326,0.66555,0.54088,0.10516,0.58195
5/3/2022,0.92478,0.82617,0.18237,0.11894,0.42988,0.12330,0.08086,0.37137,0.04933,0.34857,0.33774,0.22261,0.55511,0.53418,0.98080,0.83364,0.62138
5/4/2022,0.33657,0.45130,0.71942,0.73392,0.69374,0.48460,0.43191,0.90564,0.71992,0.61010,0.35643,0.79077,0.15788,0.25599,0.69846,0.73379,0.66067
5/5/2022,0.56381,0.02656,0.46440,0.18275,0.25550,0.40801,0.24552,0.51961,0.79214,0.34651,0.85165,0.37597,0.10992,0.50035,0.83909,0.99434,0.38249
5/6/2022,0.56989,0.32220,0.68742,0.69660,0.05583,0.88660,0.40400,0.94151,0.36685,0.38229,0.29404,0.38733,0.13928,0.44235,0.99786,0.95935,0.58905
5/7/2022,0.46140,0.06047,0.23364,0.49259,0.60005,0.06719,0.63400,0.58548,0.11784,0.46495,0.21596,0.22236,0.08888,0.68851,0.73651,0.09327,0.03808
5/8/2022,0.72240,0.61450,0.39571,0.64118,0.69108,0.53683,0.42691,0.53176,0.72412,0.52450,0.23526,0.88470,0.74328,0.67793,0.19004,0.31865,0.48305
5/9/2022,0.86880,0.16726,0.32644,0.57959,0.76621,0.24532,0.07837,0.26752,0.49501,0.79366,0.57940,0.76149,0.02180,0.90577,0.98854,0.71822,0.24848
5/10/2022,0.93306,0.47933,0.66279,0.75951,0.80351,0.40156,0.27617,0.83296,0.53981,0.49474,0.59769,0.52294,0.47040,0.60219,0.76776,0.88801,0.06710
5/11/2022,0.68917,0.33368,0.90620,0.42086,0.28721,0.04630,0.39471,0.19505,0.83766,0.87575,0.55837,0.18339,0.42038,0.35006,0.37237,0.65953,0.65642
5/12/2022,0.70986,0.54049,0.11142,0.20181,0.39715,0.56322,0.86304,0.53560,0.31091,0.74803,0.68086,0.84325,0.52634,0.86180,0.62860,0.91992,0.51048
5/13/2022,0.73433,0.94092,0.46403,0.71585,0.48204,0.68097,0.57284,0.43477,0.47758,0.79924,0.99666,0.20160,0.39937,0.59358,0.94691,0.94229,0.73629
5/14/2022,0.32806,0.62136,0.70786,0.78924,0.42062,0.48853,0.88262,0.06755,0.70614,0.71085,0.23220,0.84791,0.46899,0.34590,0.21049,0.26550,0.47083
5/15/2022,0.70212,0.50359,0.91262,0.50821,0.59864,0.32840,0.39669,0.21325,0.32501,0.26675,0.09095,0.78254,0.67762,0.69301,0.29839,0.73879,0.17958
5/16/2022,0.53980,0.24959,0.52692,0.92708,0.43829,0.33143,0.46810,0.50381,0.70490,0.31662,0.03740,0.97236,0.25713,0.83399,0.77781,0.75100,0.43952
5/17/2022,0.00836,0.07698,0.99723,0.41668,0.57242,0.45949,0.70872,0.07172,0.82528,0.74148,0.70549,0.17811,0.01376,0.63548,0.77357,0.59750,0.98593
5/18/2022,0.18312,0.70897,0.91833,0.28869,0.79583,0.63431,0.03002,0.57762,0.31700,0.75922,0.27898,0.67932,0.41418,0.98163,0.83191,0.27949,0.59747
5/19/2022,0.49003,0.22975,0.44217,0.06134,0.90555,0.76422,0.48270,0.80854,0.90559,0.87359,0.51970,0.25185,0.27418,0.09665,0.43162,0.17868,0.81955
5/20/2022,0.67728,0.59576,0.17327,0.22866,0.15922,0.65792,0.94944,0.03142,0.12915,0.84929,0.28930,0.35592,0.63817,0.25033,0.51778,0.22713,0.05166
5/21/2022,0.73392,0.64361,0.66897,0.60717,0.63336,0.64545,0.87263,0.71476,0.17452,0.98665,0.86716,0.62166,0.01698,0.78790,0.99151,0.76101,0.31912
5/22/2022,0.36393,0.26768,0.80060,0.87234,0.35903,0.78665,0.55062,0.59376,0.81733,0.37254,0.76276,0.84341,0.77880,0.70104,0.56977,0.53970,0.14631
5/23/2022,0.73752,0.76905,0.99414,0.02984,0.44197,0.15238,0.75889,0.48673,0.82939,0.86544,0.43373,0.50579,0.37432,0.35182,0.96885,0.58886,0.94381
5/24/2022,0.20611,0.83498,0.69524,0.04855,0.32137,0.97797,0.66470,0.17761,0.34269,0.60370,0.12495,0.32380,0.88082,0.70497,0.89938,0.64575,0.91146
5/25/2022,0.43050,0.44431,0.81835,0.19660,0.76445,0.33785,0.06632,0.88692,0.59757,0.59498,0.12236,0.16927,0.70677,0.28020,0.88347,0.33411,0.78859
5/26/2022,0.60063,0.65444,0.09639,0.60859,0.44025,0.18496,0.53373,0.76916,0.32735,0.12315,0.32977,0.87189,0.07050,0.79862,0.44164,0.70660,0.91520
5/27/2022,0.72870,0.65893,0.47592,0.58016,0.57514,0.14699,0.57102,0.29896,0.92079,0.72094,0.33796,0.61185,0.43919,0.25041,0.38572,0.88423,0.65741
5/28/2022,0.02067,0.26268,0.21786,0.97461,0.52622,0.38821,0.82051,0.54468,0.59903,0.42223,0.55861,0.05269,0.31035,0.44670,0.39543,0.62360,0.45603
5/29/2022,0.48800,0.37046,0.11841,0.38733,0.92384,0.63792,0.80107,0.38046,0.90928,0.63800,0.71483,0.33828,0.39905,0.41093,0.11629,0.20151,0.55833
5/30/2022,0.81679,0.56096,0.74755,0.41890,0.40329,0.02819,0.62832,0.17876,0.70586,0.22658,0.86337,0.34330,0.83975,0.26914,0.27509,0.71737,0.74583
5/31/2022,0.46753,0.67918,0.23997,0.87797,0.91659,0.65183,0.88648,0.65789,0.04069,0.44825,0.39071,0.90302,0.70230,0.26128,0.16787,0.04740,0.14903
6/1/2022,0.97423,0.13564,0.36775,0.98382,0.84196,0.00164,0.31505,0.97672,0.44027,0.58950,0.23928,0.08011,0.87252,0.35168,0.24367,0.25964,0.74939
6/2/2022,0.32816,0.70057,0.93589,0.54395,0.22372,0.79601,0.66130,0.50363,0.22106,0.40899,0.78121,0.07198,0.57032,0.44018,0.71378,0.45028,0.70285
6/3/2022,0.75793,0.42097,0.92726,0.77845,0.23883,0.13311,0.72567,0.36636,0.27089,0.40192,0.56157,0.32927,0.55626,0.54711,0.26799,0.13228,0.48316
6/4/2022,0.34922,0.97496,0.84157,0.04004,0.07995,0.63604,0.44713,0.79823,0.38251,0.42270,0.82074,0.28163,0.73814,0.16754,0.86977,0.73617,0.11448
6/5/2022,0.42436,0.89189,0.39032,0.42984,0.75553,0.47315,0.46565,0.13425,0.53920,0.40038,0.82724,0.45001,0.13982,0.26973,0.97447,0.09489,0.25723
6/6/2022,0.39905,0.95712,0.99387,0.66177,0.23074,0.84830,0.50211,0.24309,0.69419,0.18307,0.68941,0.94129,0.28297,0.55508,0.31215,0.39669,0.99133
6/7/2022,0.36396,0.26475,0.90587,0.55320,0.57667,0.35044,0.64293,0.79079,0.15349,0.55510,0.13213,0.83215,0.80644,0.36087,0.36693,0.76807,0.92528
6/8/2022,0.97858,0.79792,0.84312,0.98182,0.96337,0.16953,0.40937,0.67138,0.38516,0.88070,0.86540,0.82766,0.71483,0.69375,0.80622,0.09246,0.37524
6/9/2022,0.62171,0.92127,0.51841,0.40045,0.83487,0.81832,0.49039,0.86595,0.05864,0.40775,0.48840,0.96538,0.15791,0.65655,0.02004,0.56902,0.52088
6/10/2022,0.13907,0.56189,0.33872,0.10306,0.74057,0.38010,0.06244,0.79380,0.11318,0.66508,0.86128,0.77305,0.64530,0.71800,0.55019,0.31095,0.88958
6/11/2022,0.14679,0.64263,0.73573,0.56460,0.56939,0.65065,0.75174,0.44706,0.69471,0.52206,0.26749,0.51729,0.36429,0.13141,0.85782,0.93255,0.10090
6/12/2022,0.97743,0.24679,0.44129,0.08750,0.21672,0.33950,0.65738,0.71737,0.02163,0.90765,0.19143,0.82745,0.03181,0.83237,0.69284,0.56808,0.10844
6/13/2022,0.27024,0.13733,0.67964,0.21064,0.23957,0.69650,0.22458,0.44986,0.95708,0.06403,0.48190,0.84035,0.33532,0.17330,0.86056,0.49473,0.60277
6/14/2022,0.36732,0.14192,0.74397,0.66634,0.71821,0.37997,0.58478,0.44378,0.23687,0.94664,0.62015,0.71194,0.93497,0.02346,0.04555,0.48816,0.86551
6/15/2022,0.33280,0.33122,0.53010,0.24977,0.60560,0.77072,0.17930,0.29803,0.36980,0.91275,0.43560,0.20980,0.43993,0.56970,0.88109,0.72914,0.51137
6/16/2022,0.31777,0.78036,0.05209,0.95350,0.52410,0.64101,0.84896,0.45421,0.34675,0.52131,0.35299,0.23391,0.44535,0.83572,0.49937,0.14647,0.04950
6/17/2022,0.48599,0.86643,0.77310,0.81402,0.11453,0.66326,0.35213,0.85305,0.05194,0.12638,0.51274,0.44956,0.82102,0.74343,0.32766,0.75975,0.48141
6/18/2022,0.53349,0.36492,0.73858,0.95059,0.69960,0.86346,0.15799,0.68090,0.33053,0.38633,0.88667,0.49167,0.68609,0.03859,0.96119,0.02858,0.19779
6/19/2022,0.03935,0.96435,0.34161,0.44020,0.38878,0.05992,0.13674,0.53638,0.04486,0.98178,0.29993,0.42821,0.30723,0.48494,0.52180,0.49620,0.35338
6/20/2022,0.75721,0.65117,0.32912,0.49802,0.25751,0.70843,0.64299,0.84689,0.80468,0.68593,0.30476,0.00967,0.81156,0.40387,0.21874,0.09668,0.03580
6/21/2022,0.08738,0.39573,0.23766,0.04212,0.10587,0.72065,0.40384,0.66901,0.16684,0.67103,0.52428,0.45094,0.13998,0.09365,0.91820,0.87175,0.15022
6/22/2022,0.08359,0.81898,0.16239,0.66470,0.45708,0.44661,0.05742,0.80217,0.91857,0.41826,0.58838,0.42167,0.76289,0.60774,0.55091,0.22132,0.47343
6/23/2022,0.45887,0.29264,0.08950,0.28706,0.77615,0.76607,0.34484,0.59822,0.51464,0.43237,0.65480,0.29629,0.12898,0.95541,0.73539,0.59720,0.22698
6/24/2022,0.78791,0.80249,0.42660,0.41571,0.51329,0.68294,0.66153,0.54538,0.04898,0.45181,0.04902,0.26276,0.84182,0.45729,0.05104,0.46662,0.16387
6/25/2022,0.71449,0.38758,0.49729,0.31108,0.83304,0.66888,0.26120,0.86592,0.02551,0.28840,0.50447,0.34227,0.07685,0.99633,0.00596,0.62293,0.82948
6/26/2022,0.34375,0.14107,0.43593,0.96883,0.27352,0.84326,0.30221,0.95390,0.69212,0.39518,0.18403,0.30910,0.82347,0.24416,0.30203,0.66207,0.73484
6/27/2022,0.19797,0.05706,0.94130,0.50846,0.64622,0.86229,0.67421,0.08042,0.18346,0.34660,0.75656,0.70660,0.55479,0.23148,0.74678,0.67705,0.12459
6/28/2022,0.91761,0.97525,0.46659,0.66610,0.99071,0.38381,0.18235,0.36842,0.70393,0.44243,0.78584,0.76438,0.99750,0.56481,0.10406,0.65353,0.79083
