C0/date,C0/min,C0/max,C0/mean,C0/stDev,C0/median,C0/p10,C0/p90
2020-06-22T00:00:00.000Z,-0.000026917627110378817,0.000023509304810431786,0.0000035556492534129135,0.0000064445341148273815,0.000003978811946581118,-0.000004961555987392785,0.00001170971336250659
2020-06-23T00:00:00.000Z,-0.00001547064312035218,0.000028844377084169537,0.000005666694471927195,0.0000061009488077678,0.000005708668595616473,-0.0000019364210857020225,0.00001358831832476426
2020-06-24T00:00:00.000Z,-0.00001937222623382695,0.00002393208342255093,0.000006254627480142404,0.000004922169306444631,0.0000063361430875374936,4.570756289012934e-7,0.000012233247616677545
2020-06-25T00:00:00.000Z,-0.000015033248928375542,0.000032876559998840094,0.000007896666768452343,0.000006562882876767355,0.000007577292308269534,4.1226394387194887e-7,0.00001700948632787913
2020-06-26T00:00:00.000Z,-0.000012564060853037518,0.00004137232463108376,0.00000839221297956319,0.0000070650171348206985,0.000008184221769624855,1.8535493495619448e-7,0.0000175160475919256
2020-06-27T00:00:00.000Z,-0.000010985158951370977,0.00004498796261032112,0.000008740819390729712,0.000007832318319120168,0.000008534942935511936,3.183123169492319e-7,0.000017902300896821544
2020-06-29T00:00:00.000Z,-0.00001415963561157696,0.00002471013976901304,0.000007712652588205966,0.000005518894951579406,0.000007570803518319735,0.0000017982598592425347,0.000014513034329866059
2020-06-30T00:00:00.000Z,-0.000013086423678032588,0.000022954291125643067,0.000002660520574958995,0.00000622931348810465,0.0000024392652449023444,-0.000005131488251208793,0.000011022385479009245
2020-07-01T00:00:00.000Z,-0.000020838166165049188,0.00003112237391178496,0.000002698043220689664,0.000006443585733210488,0.0000027057262741436716,-0.0000051378760872466955,0.000010896104868152179
2020-07-02T00:00:00.000Z,-0.00001848061765485909,0.00003842399746645242,0.000005147952041162189,0.000006298509164819395,0.000005120694368088152,-0.0000023982436232472537,0.000013079367818136234
2020-07-03T00:00:00.000Z,-0.000015407256796606816,0.000023624290406587534,0.00000609129971493778,0.00000634174939319652,0.000005600019449047977,-0.000001265101900571608,0.000014290067156252917
2020-07-04T00:00:00.000Z,-0.00001538307151349727,0.00002065550143015571,0.000005188642353971585,0.000006350897146508454,0.00000467220661448664,-0.0000030004550808371278,0.000013681134987564292
2020-07-05T00:00:00.000Z,-0.000017791591744753532,0.000027732598027796485,0.000009455769797541373,0.000005927576453507506,0.000009357846465718467,0.0000020143736492173048,0.000016541060176678002
2020-07-06T00:00:00.000Z,-0.00002141329605365172,0.0000231214398809243,0.000004877286434823538,0.000006170127923800028,0.000005203603905101772,-0.000002584253024906502,0.000013292665244080126
2020-07-07T00:00:00.000Z,-0.00001609659375390038,0.000028832408133894205,0.000003754595430042895,0.000006323369772736962,0.000003573613412299892,-0.0000037597942537104245,0.000011883772458531894
2020-07-08T00:00:00.000Z,-0.000020593264707713388,0.00002665042848093435,0.000004865796065159068,0.000006393075013650041,0.000004814085514226463,-0.0000025887409265124006,0.000012984201930521522
2020-07-09T00:00:00.000Z,-0.000009456832231080625,0.00003541654223226942,0.000006854362589921567,0.0000063449615875359405,0.000006486400252470048,-8.931080515139911e-7,0.000014590469618269708
2020-07-10T00:00:00.000Z,-0.000012722692190436646,0.00003717743311426602,0.000008519187642665233,0.000005857891608526226,0.000008293818609672599,0.0000015610027048751363,0.000016311580111505464
2020-07-11T00:00:00.000Z,-0.000018356004147790372,0.00002733478686423041,0.000004935723348718098,0.000006852445467030268,0.000004631338470062474,-0.0000035769589885603637,0.000013700802810490131
2020-07-12T00:00:00.000Z,-0.000025595123588573188,0.00002434284397168085,0.0000012188096261712282,0.000007564869596178878,0.0000016072253856691532,-0.000007935560461191926,0.000010566157470748294
2020-07-13T00:00:00.000Z,-0.00001168615654023597,0.00003445085167186335,0.00000754626435033357,0.000007470864735061713,0.000007175143764470704,-0.0000015436966123161255,0.000016685977243469097
2020-07-14T00:00:00.000Z,-0.00001744632209010888,0.000025380666556884535,0.0000055169369637601706,0.0000062092221314694,0.00000556544046048657,-0.0000021994676444592187,0.000013213993952376768
2020-07-15T00:00:00.000Z,-0.000010636052138579544,0.00002062723615381401,0.000009294474644685151,0.000006771171188696411,0.000010728263077908196,0.000001224104494212952,0.000018490363800083287
2020-07-16T00:00:00.000Z,-0.000017929545720107853,0.000026484785848879255,0.000002989915476354363,0.000006220869939395113,0.000002864537009372725,-0.000004533447281573899,0.00001096333835448604
2020-07-17T00:00:00.000Z,-0.00000946611999097513,0.00003337146699777804,0.000011300102464659145,0.000006669251208742358,0.000011201427696505561,0.000002570895276221563,0.000019623126718215644
2020-07-19T00:00:00.000Z,-0.000001414009602740407,0.000039081351133063436,0.000015091321156917817,0.000008370798465732747,0.000013441236660582945,0.000005110188340040622,0.00002810822297760751
2020-07-20T00:00:00.000Z,-0.00002482677882653661,0.000017558735635248013,0.0000023388694137676766,0.000005349779768200937,0.000002956642219942296,-0.000004000683929916704,0.000008295448424178176
2020-07-22T00:00:00.000Z,-0.00003829483830486424,0.0000407381885452196,0.000006931139461330501,0.0000076058745600032225,0.000007087501671776408,-0.0000022990614070295123,0.000016383210095227696
2020-07-23T00:00:00.000Z,-0.000009728652003104798,0.00002062645580735989,0.000005878495368636233,0.000005656384886407506,0.000006684443633275805,-0.000002030964424193371,0.000012184184924990404
2020-07-24T00:00:00.000Z,-0.000020255452909623273,0.000019081040591117926,0.000002927417676070232,0.0000058871263810046305,0.000003080938768107444,-0.000004550197900243802,0.000010050819582829718
2020-07-25T00:00:00.000Z,-0.000028329381166258827,0.000034109696571249515,0.000005230310932051358,0.00000727977684080012,0.0000056740600484772585,-0.000004190110303170513,0.000013891028174839448
2020-07-26T00:00:00.000Z,-0.00001279505613638321,0.00003268640648457222,0.000005146376044387661,0.00000568387453178763,0.000004930455361318309,-0.000001491923057983513,0.000012372372111713048
2020-07-27T00:00:00.000Z,-0.000019112845620838925,0.00004673885632655583,0.000007051038808545036,0.00000809655089324566,0.000007289999757631449,-0.0000028734384613926522,0.00001732346208882518
2020-07-29T00:00:00.000Z,-0.000020164992747595534,0.00003003635174536612,0.0000034556486419097716,0.000007010957893535992,0.0000031197564567264635,-0.0000050339499466645066,0.000012395874364301562
2020-07-30T00:00:00.000Z,-0.000011214145160920452,0.00002953577677544672,0.000007061356141849968,0.000007534016108494743,0.000006584950824617408,-0.0000016496323951287195,0.000017399324860889465
2020-07-31T00:00:00.000Z,0.000006692774604744045,0.00003830073546851054,0.000027198473636006327,0.00000678298619823797,0.000030108318242128007,0.000021567366275121458,0.00003830073546851054
2020-08-01T00:00:00.000Z,-0.000004391478796605952,0.000041101768147200346,0.000018901493445847938,0.000010350518128505196,0.00002009208401432261,0.00000812974485597806,0.00003670855949167162
2020-08-02T00:00:00.000Z,-0.000014115878911979962,0.000024619090254418552,0.000005779932435912531,0.000006854273843770017,0.00000556028453502222,-0.000003057673666262417,0.000015242570952977985
2020-08-03T00:00:00.000Z,-0.000021442627257783897,0.000028372343876981176,0.000006480952871251128,0.000007087839827945724,0.000006645052508247318,-0.0000020813931769225746,0.000015136019101191778
2020-08-04T00:00:00.000Z,-0.000008841355338518042,0.000017754815416992642,0.000004771693646770949,0.000006229677676594917,0.000006239563390408875,-0.0000068996114350738935,0.000012685150977631565
2020-08-05T00:00:00.000Z,-0.0000015902228369668592,0.000027204227080801502,0.000010871437537347939,0.000005490607774911769,0.00001057263943948783,0.0000049519453568791505,0.000019367016648175195
2020-08-06T00:00:00.000Z,-0.000011442138202255592,0.000033262760553043336,0.000008387236036351088,0.0000071969853630016265,0.000008362807420780882,-6.574703093065182e-7,0.0000174562846950721
2020-08-08T00:00:00.000Z,-0.000023186699763755314,0.00004798408190254122,0.000006904031758703192,0.000008958560186174225,0.000006963368832657579,-0.000004032522610941669,0.00001743532448017504
2020-08-10T00:00:00.000Z,-0.00001016542773868423,0.00003071627361350693,0.000006586680524569905,0.000006883472716631286,0.000006286552434175974,-0.0000018379321318207076,0.000015274885299731977
2020-08-11T00:00:00.000Z,-0.00000971207282418618,0.000019647462977445684,0.000004188421616103658,0.000006377194660555313,0.000003994166490883799,-0.000004290101514925482,0.000013624506209453102
2020-08-12T00:00:00.000Z,-0.00002148503699572757,0.00004705959509010427,0.0000069956560264358265,0.000008921193457840515,0.000007154363629524596,-0.000004973227987647988,0.000018176036974182352
2020-08-13T00:00:00.000Z,-0.000015530456948908977,0.00003140914122923277,0.000005929742132305578,0.000006578042758909301,0.000005951581897534197,-0.0000013551334632211365,0.000014168821508064866
2020-08-14T00:00:00.000Z,-0.00001523103128420189,0.00003119850589428097,0.000008652474145830015,0.000007936199386834019,0.00000858183739183005,-0.0000010897691709033097,0.00001926810909935739
2020-08-15T00:00:00.000Z,-0.00002031943222391419,0.000031098701583687216,0.0000054926744515497885,0.000007436644250145682,0.000005440334916784195,-0.0000037107831758476095,0.000013918762306275312
2020-08-16T00:00:00.000Z,-0.0000014978512581365067,0.000029881210139137693,0.000010664845856978779,0.000005784052130103348,0.000010333922546124086,0.000003312700982860406,0.000017838665371527895
2020-08-17T00:00:00.000Z,-0.00001971921847143676,0.000030371820685104467,0.000007524307100689757,0.000006841125830382434,0.000007599684522574535,-4.559593094199954e-7,0.000016295069144689478
2020-08-18T00:00:00.000Z,-0.000023744572899886407,0.000035794935683952644,0.000011684766678963536,0.000007788393585907385,0.000011770199307648,0.0000019648084617074346,0.000020777000827365555
2020-08-20T00:00:00.000Z,-0.00001588101076777093,0.000041065217374125496,0.00000863219574804928,0.000007833486519835172,0.000008234549568442162,-6.943969879102951e-7,0.000018419852494844235
2020-08-21T00:00:00.000Z,-0.000013015692275075708,0.00003492261384963058,0.000008282166466991587,0.0000062741036788986806,0.000008408710527874064,3.888690969233721e-7,0.000015455178072443232
2020-08-22T00:00:00.000Z,-0.000021881849534111097,0.00003401812500669621,0.0000068421438256000756,0.000006426424778613976,0.0000068861977524647955,-7.766196290504013e-7,0.000014729770555277355
2020-08-23T00:00:00.000Z,-0.000020228711946401745,0.00003580213160603307,0.000006275296176935769,0.000007213592472523548,0.00000615204953646753,-0.0000024241653591161594,0.000015442195945070125
2020-08-24T00:00:00.000Z,-0.00002005887836276088,0.000038710608350811526,0.000006260151958907383,0.00000751854163499442,0.000005681171387550421,-0.0000022949077447265154,0.000015937599528115243
2020-08-25T00:00:00.000Z,-0.000025828461730270647,0.000023465088816010393,0.0000024269274154698077,0.000006938715241119349,0.0000027314310955262044,-0.000006103890427766601,0.000011161415386595763
2020-08-26T00:00:00.000Z,-0.000015896761397016235,0.00002861221400962677,0.000004685776552109407,0.0000064551832860913315,0.000004567097221297445,-0.0000035641371596284444,0.000013293521988089196
2020-08-27T00:00:00.000Z,-0.000013655901966558304,0.000028156317057437263,0.00000783485118015864,0.000008678241475670103,0.000008829964826873038,-0.0000031807421692064963,0.000018459822967997752
2020-08-28T00:00:00.000Z,-0.00002733691144385375,0.00004407333108247258,0.000009970283548634734,0.000008269593868508064,0.000009524762390356045,-1.7166102983523501e-9,0.000019969447748735547
2020-08-29T00:00:00.000Z,-0.00001254969356523361,0.00003110938996542245,0.000006687794036642736,0.000007871921460814134,0.000006272453902056441,-0.000003755895249923924,0.00001761677958711516
2020-08-31T00:00:00.000Z,-0.000013715905879507773,0.00002981658144562971,0.0000066729156427614876,0.000010907912875800431,0.000005772189069830347,-0.000007186493348854128,0.00002981658144562971
2020-09-01T00:00:00.000Z,-0.000013471103557094466,0.000037260266253724694,0.000005764139935611681,0.000005736303661264781,0.0000056361336646659765,-0.0000014240189329939312,0.000012858907211921178
2020-09-02T00:00:00.000Z,-0.000017482851035310887,0.00003315375579404645,0.000006864694349766848,0.000006479017921426807,0.000006721581939928001,-5.859594125467993e-7,0.000015049173271108884
2020-09-03T00:00:00.000Z,-0.00002284691436216235,0.00002817612221406307,0.00000485831319971812,0.000006806116548977118,0.0000048907681957643945,-0.000003483442014839966,0.000013469564692059066
2020-09-04T00:00:00.000Z,-0.000023598609914188273,0.00003438855492277071,0.000003031174777953843,0.000007814403700054332,0.0000030904991490388056,-0.000007086532605171669,0.000012518748917500488
2020-09-05T00:00:00.000Z,-0.00002787510493362788,0.0000344453910656739,0.000006031890197381166,0.000007264968815130471,0.00000637515950074885,-0.0000029247044039948378,0.000015171744053077418
2020-09-06T00:00:00.000Z,-0.00001656724271015264,0.00003456823469605297,0.000009419770056191473,0.0000074785023029174465,0.000009250886250811163,7.175971177275642e-7,0.000019191567844245583
2020-09-07T00:00:00.000Z,-0.00002251570731459651,0.00003911711974069476,0.00000892843172085753,0.000006328530275992551,0.000009126016266236547,0.0000010793894489324884,0.000016235022485489026
2020-09-08T00:00:00.000Z,-0.00002600510197225958,0.00004570078817778267,0.0000036611413723672245,0.000007526054699891619,0.000003858910531562287,-0.000005516360488400096,0.000013005295841139741
2020-09-09T00:00:00.000Z,-0.000023737016817904077,0.000031337651307694614,0.000004725848307428884,0.000007511326172863719,0.000005015911483496893,-0.000004567461473925505,0.000014086186638451181
2020-09-11T00:00:00.000Z,-0.000015315794371417724,0.00002737257455009967,0.000006791780763654592,0.000006555357037342043,0.00000671233738103183,-0.0000015879962802500813,0.00001530891313450411
2020-09-12T00:00:00.000Z,-0.000011348996849847026,0.00003294842463219538,0.000007601994561382432,0.000005710067180465732,0.000007223696684377501,7.808077953086467e-7,0.000014404522516997531
2020-09-13T00:00:00.000Z,-0.000013693427717953455,0.000030203398637240753,0.000005179875719653936,0.000006720152168617774,0.000005292624791763956,-0.000003297617467978853,0.000013420684808806982
2020-09-14T00:00:00.000Z,-0.00000759873319111648,0.00001995731145143509,0.000008476388516006254,0.000005916996102866562,0.000009058176146936603,4.853301902585372e-7,0.000019793536921497434
2020-09-15T00:00:00.000Z,-0.000021798108718940057,0.000037828838685527444,0.000009889590773485548,0.000007988281421547806,0.000009379058610647917,8.17537909370003e-7,0.00001972407517314423
2020-09-17T00:00:00.000Z,-0.000002372896460656193,0.000019449329556664452,0.000009609538848452624,0.000004436876035001628,0.000008908561540010851,0.000005147780484549003,0.000014150919014355168
2020-09-18T00:00:00.000Z,-0.0000247264833888039,0.000023218233764055185,0.000002618459568280719,0.00000721851642620895,0.000002710876970013487,-0.000006635503268626053,0.000011656220522127114
2020-09-19T00:00:00.000Z,-0.000026342189812567085,0.00003512839975883253,0.00000485679572977937,0.000007552704965384664,0.0000047120470298978034,-0.000004267955318937311,0.000014679717423859984
2020-09-20T00:00:00.000Z,-0.000021122930775163695,0.000025619880034355447,0.0000032210012648766152,0.000007137627149993812,0.0000033049705052690115,-0.000005551349659072002,0.000011279954378551338
2020-09-21T00:00:00.000Z,-0.000006516352186736185,0.000022141657609608956,0.000009263702891811432,0.000005725054695647528,0.000009767192750587128,0.0000017352687109450926,0.000017278835002798587
2020-09-22T00:00:00.000Z,-0.000020527193555608392,0.00003206760447937995,0.000008087642684412984,0.000007687704798875596,0.000008213451110350434,-0.0000015313115682147327,0.000017350463167531416
2020-09-23T00:00:00.000Z,-0.00001632998464629054,0.000046515691792592406,0.000011251917109304467,0.000007394532195672432,0.000011481413821456954,0.00000233853984354937,0.000019448212697170675
2020-09-24T00:00:00.000Z,-0.000013155522537999786,0.000047256402467610314,0.000009210998134459494,0.00000917808998283161,0.000009806517482502386,-0.0000025828851448750356,0.000022897937014931813
2020-09-25T00:00:00.000Z,-0.000016094703823910095,0.000029899621949880384,0.000006961405128059314,0.000007656297597820902,0.000007228559752547881,-0.000003071901801376953,0.00001709373464109376
2020-09-26T00:00:00.000Z,-0.000023376038370770402,0.0000376066418539267,0.000008270779216256642,0.0000069944639008941445,0.00000819912656879751,1.416799904063737e-7,0.000017393513189745136
2020-09-27T00:00:00.000Z,-0.000017384179955115542,0.000023389053239952773,0.000004807683623725855,0.000006393172695917414,0.000004715847353509162,-0.000003397235559532419,0.000013507826224667951
2020-09-28T00:00:00.000Z,-0.0000121701268653851,0.000023731454348308034,0.0000059909354643953,0.00000590762853626859,0.000006056138317944715,-0.0000013814780004395288,0.00001306014928559307
2020-09-29T00:00:00.000Z,-0.0000231930025620386,0.000035742134059546515,0.00000588898466863252,0.000007173162164361857,0.0000059430772125779185,-0.000002945165078926948,0.000014836390619166195
2020-09-30T00:00:00.000Z,-0.00003015621223312337,0.000037135574530111626,0.000004269614274799591,0.000007857571214857447,0.000004458917828742415,-0.000005278025128063746,0.000013702678188565187
2020-10-01T00:00:00.000Z,-0.000018636568711372092,0.00003719189408002421,0.0000075634681191008145,0.000007327905004547103,0.000007000211098784348,-0.0000010049350294139003,0.00001681389767327346
2020-10-02T00:00:00.000Z,-0.00000724893016013084,0.0000359420373570174,0.000005499778381952527,0.000006045310836492315,0.000004562306003208505,-0.0000013440360362437787,0.0000134655292640673
2020-10-03T00:00:00.000Z,-0.000019584451365517452,0.000028312355425441638,0.000007971728601176881,0.000006205625339133528,0.000007860251571401022,1.82473698373542e-7,0.00001567331128171645
2020-10-04T00:00:00.000Z,-0.000010197067240369506,0.00004197770249447785,0.000009299624822391506,0.000007231553118428824,0.000009348426829092205,1.0198532862659704e-7,0.000019023109416593798
2020-10-05T00:00:00.000Z,-0.000025194800400640815,0.00003357119203428738,0.00000616555340585096,0.000007712402858152282,0.0000059070498537039384,-0.0000033001181236613775,0.000015983661796781234
2020-10-06T00:00:00.000Z,-0.00002226517790404614,0.000049476613639853895,0.000006189481622253294,0.0000071202498796950645,0.000006271050551731605,-0.0000023755894744681427,0.00001429749136150349
2020-10-08T00:00:00.000Z,0.000012715158845821861,0.000047535439080093056,0.000025595505700369944,0.000009371320674144857,0.000023680673621129245,0.000013170605598133989,0.000040654860640643165
2020-10-09T00:00:00.000Z,-0.000011412710591685027,0.000029211256332928315,0.000010322603914930705,0.000006646952242022607,0.000009964099263015669,0.0000026156342300964752,0.000019340808648848906
2020-10-10T00:00:00.000Z,-0.000029978529710206203,0.0000487882862216793,0.000008691684847841574,0.000009972050469498891,0.000008729726687306538,-0.000003886504600814078,0.000020844083337578923
2020-10-11T00:00:00.000Z,-0.000010963010936393403,0.000036895202356390655,0.000011225227818158237,0.00000810253119113658,0.000011371725122444332,0.0000011643353445833782,0.000021472955268109217
2020-10-12T00:00:00.000Z,-0.00001046922079694923,0.00003796995952143334,0.000007722402470158615,0.000006622172376120482,0.000007496892976632807,3.071562275636097e-7,0.000016318341295118444
2020-10-13T00:00:00.000Z,-0.000009707488970889244,0.00002044660141109489,0.0000073755626424971736,0.000006115111575117949,0.000007598005140607711,0.000002507709723431617,0.00001676772444625385
2020-10-14T00:00:00.000Z,-0.000008271607839560602,0.00003836200630757958,0.000013134682384800097,0.000006875617734136375,0.0000129533600556897,0.000004403771981742466,0.00002254674836876802
2020-10-16T00:00:00.000Z,-0.00001859382973634638,0.00004078503116033971,0.000009947476781845385,0.000007576691390803905,0.000009829663213167805,0.0000010109836239280412,0.000019523047740221955
2020-10-17T00:00:00.000Z,-0.000019470542611088604,0.000042162359022768214,0.000007286692734406043,0.000006521860973251749,0.000007039386218821164,-5.357658210414229e-7,0.000015681287550251
2020-10-18T00:00:00.000Z,-0.00000409164522352512,0.000021319452571333386,0.000007190819902398499,0.000004854218140984053,0.000007321879365917994,0.000001475731551181525,0.000013775740626442712
2020-10-20T00:00:00.000Z,-0.0000074497138484730385,0.000043625888793030754,0.000011649220044126754,0.000010117475238626036,0.000011495690159790684,-0.0000016741154240662581,0.000025648565497249365
2020-10-21T00:00:00.000Z,-0.000013559517356043216,0.00004961965169059113,0.000009305053071321323,0.000008596655899907494,0.00000979244850896066,-0.0000015257813856806024,0.000019882134438375942
2020-10-22T00:00:00.000Z,-0.000017767815734259784,0.00004713362795882858,0.00000950683607378711,0.00000787813188800235,0.000009331098226539325,-6.933272089781894e-8,0.000020266472347429954
2020-10-23T00:00:00.000Z,-0.00001717489976726938,0.00002949198278656695,0.000008823445579209736,0.000007259047042437933,0.000008864270967023913,2.3955450956236746e-7,0.000017756336092134006
2020-10-26T00:00:00.000Z,-0.00001914331369334832,0.00004030605123261921,0.000007958642439799515,0.000008139596070119449,0.000007962885320011992,-0.0000018549858395999763,0.00001823077218432445
2020-10-27T00:00:00.000Z,-0.00002032982956734486,0.00004104640902369283,0.000008440024759724126,0.000006827857528360315,0.000008344892194145359,4.997015707886021e-7,0.000017173315427498892
2020-10-28T00:00:00.000Z,-0.000009455530744162388,0.00003451632073847577,0.000009088674100685301,0.000006493783097258221,0.000008660993444209453,0.000002156438085876289,0.000016916710592340678
2020-10-29T00:00:00.000Z,-0.00002475902329024393,0.000025430561436223798,0.000004498200904401962,0.00000686408207599894,0.000004918044851365266,-0.000004016550974483835,0.000013723763004236389
2020-10-30T00:00:00.000Z,-0.000007216222911665682,0.000032224950700765476,0.00000893068866134045,0.00000596832584571377,0.000008075464393186849,0.0000018834646198229166,0.000017301912521361373
2020-10-31T00:00:00.000Z,-0.000016687783499946818,0.000029617251129820943,0.000008074086881958919,0.000006762565920814377,0.000008263168638222851,-2.0256635480109253e-7,0.000016809746739454567
2020-11-01T00:00:00.000Z,-0.000018414490114082582,0.00003387061588000506,0.0000050858420150453155,0.000009138643980528784,0.000005557325494010001,-0.000005066191533842357,0.00001704095302557107
2020-11-02T00:00:00.000Z,-0.00002440349453536328,0.00003403574737603776,0.000007470012177531288,0.000008019874032060005,0.00000723994253348792,-0.0000024070013751043007,0.00001737502134346869
2020-11-04T00:00:00.000Z,-4.073458725883938e-8,0.00003416999606997706,0.000016106087253331772,0.0000069269563181030365,0.000016482694263686426,0.000007878638825786766,0.000025193932742695324
2020-11-05T00:00:00.000Z,-0.000006376358214765787,0.000020504699932644144,0.000007350585841929084,0.000005301256363894721,0.000007187762548710452,0.0000012673200444623944,0.000015071828784130048
2020-11-06T00:00:00.000Z,-0.00002356878758291714,0.00003100304093095474,0.00000616528946055361,0.000008275890346209177,0.0000058122514019487426,-0.000003762006599572487,0.00001643623545533046
2020-11-08T00:00:00.000Z,-0.000005800140115752583,0.00002312955075467471,0.000007873451993697266,0.000005291365832374987,0.000007206717327790102,0.0000015290765986719634,0.00001600715404492803
2020-11-09T00:00:00.000Z,-0.000009127546945819631,0.00003484080662019551,0.00001301210014444852,0.000007008875060842795,0.000013278413462103345,0.000004200630883133272,0.00002151097942260094
2020-11-13T00:00:00.000Z,-0.00001395977506035706,0.000026514102501096204,0.000004818417109540161,0.000005896034669467782,0.000004905479272565572,-0.0000028104095690650865,0.000012461367987270933
2020-11-14T00:00:00.000Z,-0.00001327781592408428,0.0000200563245016383,0.000004683073159019032,0.000005797178948706251,0.000004939381142321508,-0.0000031703827971796272,0.00001225726828124607
2020-11-15T00:00:00.000Z,-0.000010970838957291562,0.00003642937008407898,0.000006080717375111207,0.000004909573834022187,0.000005981109097774606,1.6116186429826485e-7,0.000012210254681122024
2020-11-16T00:00:00.000Z,-0.000019043905922444537,0.00003334723805892281,0.000005851272510505972,0.00000707102479798246,0.00000569232315683621,-0.000002691061581572285,0.00001457314738217974
2020-11-17T00:00:00.000Z,-0.000031626546842744574,0.000025302317226305604,0.000004450931156872624,0.0000075092005503094945,0.000004965428615832934,-0.000006055193352949573,0.000013065944585832767
2020-11-18T00:00:00.000Z,-0.000015087136489455588,0.00003152410135953687,0.000007396283039562147,0.0000070155658191165085,0.000007450565135513898,-0.0000015485609310417203,0.00001623816933715716
2020-11-19T00:00:00.000Z,-0.000010704364285629708,0.000027169100576429628,0.000008720255500170672,0.000005516622861234886,0.000009179290827887598,0.000001222259811584081,0.000015748431906104088
2020-11-20T00:00:00.000Z,-0.000007444513357768301,0.000018958502550958656,0.000006096220262526745,0.00000466812737613632,0.000006134484010544838,2.8528293682938966e-7,0.000012003360097878613
2020-11-21T00:00:00.000Z,-0.000010099474820890464,0.00003414350430830382,0.000008887333607801248,0.000006566016200569267,0.000008278440873255022,0.0000011737159866243019,0.000016764299289206974
2020-11-22T00:00:00.000Z,-0.000016046164091676474,0.00003397936234250665,0.000007163069208589447,0.000006903650015825295,0.0000073796286415017676,-0.0000013355810324355843,0.000016072415746748447
2020-11-24T00:00:00.000Z,-0.000007839158570277505,0.00003324262797832489,0.000007005724074323591,0.0000055120151415360834,0.000007355726665991824,0.0000010313159464203636,0.000013154309272067621
2020-11-25T00:00:00.000Z,-4.946033271835404e-8,0.00001779161175363697,0.000007914295277143564,0.0000036953190950176813,0.00000820575951365754,0.000002957943706860533,0.000012739451449306216
2020-11-26T00:00:00.000Z,-0.000010400230166851543,0.000024601502445875667,0.000005421161269087958,0.000004815990319024401,0.000005254653842712287,-4.632260868220328e-7,0.0000119920678116614
2020-11-27T00:00:00.000Z,-0.000007911822649475653,0.000021252666556392796,0.000006255512403186004,0.000007383272311665117,0.00000773983629187569,-0.000002477785983501235,0.00001801732105377596
2020-11-28T00:00:00.000Z,-0.000020015537302242592,0.00003720454697031528,0.000007838491480910942,0.000006651942551827274,0.000008064783287409227,-6.407251476048259e-7,0.000016129537470987998
2020-11-29T00:00:00.000Z,-0.000012186083949927706,0.000027231842977926135,0.00000686797160240055,0.000006384306877507238,0.000007341070613620104,-0.000001265754121959617,0.000015167409401328769
2020-11-30T00:00:00.000Z,-0.00000828815063869115,0.000020074943677172996,0.000007297950634589747,0.000005672056505557734,0.000007487278253393015,3.353447652898467e-7,0.000015022842489997856
2020-12-01T00:00:00.000Z,-0.000004462533979676664,0.00001506074931967305,0.000003899156063006522,0.000005204755214900432,0.0000031238851079251617,-0.000002410476099612424,0.000014029806152393576
2020-12-02T00:00:00.000Z,-0.000014061838555790018,0.00004409720713738352,0.000008913010673078314,0.000007843423600543571,0.000008592971425969154,-0.0000010587870065137395,0.00001827263622544706
2020-12-03T00:00:00.000Z,-0.000026047393475892022,0.00003124377326457761,0.000004058578205099676,0.000008255944294036964,0.000004288327090762323,-0.000006516597750305664,0.000014500125871563796
2020-12-04T00:00:00.000Z,-0.000017404516256647184,0.00003549916800693609,0.00000840852177521277,0.000008551948801079734,0.000009082999895326793,-0.0000030264111501310254,0.0000189853035408305
2020-12-05T00:00:00.000Z,-0.00002494039108569268,0.0000346450979122892,0.000004555389473878262,0.0000068605656039145845,0.0000047245512178051285,-0.000004083681687916396,0.000013029558431298938
2020-12-07T00:00:00.000Z,-0.00001650323065405246,0.00002869425225071609,0.000006656689145436971,0.0000064031334089363015,0.0000063967440837586764,-8.614945272711338e-7,0.0000150764208228793
2020-12-08T00:00:00.000Z,-0.000019960511053795926,0.00003863182428176515,0.000007026245785132917,0.000007707713261102378,0.000007200193067546934,-0.0000027647499791783048,0.00001669925040914677
2020-12-09T00:00:00.000Z,-0.000028400670998962596,0.00002787164703477174,-1.1210682231084949e-7,0.000007929779370750801,-1.907936280076683e-7,-0.000009043837962963153,0.000010145576197828632
2020-12-10T00:00:00.000Z,-0.0000167879607033683,0.00003808871770161204,0.00000596328492825014,0.000006203002746692367,0.000005815084932692116,-0.0000016689822359694517,0.00001327782138105249
2020-12-11T00:00:00.000Z,-0.000010319366992916912,0.000026876494302996434,0.000006796257995556008,0.000005260178917881635,0.00000658735234537744,3.609907537338586e-7,0.00001353843526885612
2020-12-12T00:00:00.000Z,-0.000020024117475259118,0.000026526671717874706,0.0000032225226928035016,0.000006079307395739098,0.000003063136546188616,-0.00000423410756411613,0.000011048423402826302
2020-12-13T00:00:00.000Z,-0.000021304975234670565,0.00003408605698496103,0.000006515820749597891,0.000007139300847835623,0.000006443690836022142,-0.000002254223772979458,0.000015493931641685776
2020-12-14T00:00:00.000Z,-0.000013850619325239677,0.00002242272785224486,0.00000463363483122173,0.000006796652479817642,0.000004888544026471209,-0.0000038118664633657318,0.000014466636457655113
2020-12-15T00:00:00.000Z,-0.000008243842785304878,0.000021995270799379796,0.000004958900896452519,0.000005135433698193419,0.000004923269443679601,-0.0000012441120134099037,0.000012050105397065636
2020-12-16T00:00:00.000Z,-0.000001338068614131771,0.00002085502455884125,0.000008115845546102322,0.000005254848558503235,0.000007647365237062331,0.000001212156917063112,0.00001567053004691843
2020-12-17T00:00:00.000Z,-0.000016427589798695408,0.0000221676891669631,0.000004963767294676055,0.0000051203458778689036,0.0000048939164116745815,-9.119528954215639e-7,0.000012051630619680509
2020-12-20T00:00:00.000Z,-0.000014081858353165444,0.000032317981094820425,0.000005217122076665171,0.00000663449424940149,0.000004431748948263703,-0.000002941737420769641,0.000014528395695379004
2020-12-21T00:00:00.000Z,-0.000016875213987077586,0.00002349811802559998,0.000004931902618165369,0.0000056087473000235935,0.000005176937065698439,-0.0000016248551446551573,0.000012083122783224098
2020-12-22T00:00:00.000Z,-0.000005932527074037353,0.000025413010007468984,0.000007667884572395587,0.000005013923527011497,0.00000769997132010758,0.0000014521558568958426,0.000013831259821017738
2020-12-23T00:00:00.000Z,-0.000021625595763907768,0.000025848094082903117,0.000003814427776724063,0.000005919286073007572,0.000003898654085787712,-0.000003283640580775682,0.000011155591892020311
2020-12-24T00:00:00.000Z,-0.000023424190658261068,0.0000326984009006992,0.000006538415642435047,0.000007189948057360111,0.000006749746717105154,-0.000002407262172710034,0.000015609804904670455
2020-12-26T00:00:00.000Z,-0.000009755814062373247,0.000013206796211306937,0.000004320972035133229,0.000006123373720788662,0.0000050112844292016234,-0.0000029967743557790527,0.000013206796211306937
2020-12-27T00:00:00.000Z,-0.000012322267139097676,0.000028793521778425202,0.000009817042901351404,0.000008860905419102909,0.000009195991879096255,-7.385281008964739e-8,0.000023572309146402404
2020-12-29T00:00:00.000Z,-0.0000272872784989886,0.000026734534912975505,0.000005605609477368754,0.000007452614651890144,0.000005697215783584397,-0.0000033338594676024513,0.000014748569810763001
2020-12-30T00:00:00.000Z,-0.000015015136341389734,0.00003060759263462387,0.000006469272972705488,0.000007407631101814382,0.0000065004574025806505,-0.0000030269738999777474,0.000015825871741981246
2020-12-31T00:00:00.000Z,-0.000015022494153527077,0.00002863416557374876,0.000005901457260629749,0.0000065524949306792005,0.000005674535259458935,-0.000002567009232734563,0.000014228524378268048
2021-01-01T00:00:00.000Z,-0.000016433394193882123,0.000026459330911166035,0.000004704337198736239,0.0000062533253317918915,0.0000045439237510436215,-0.000002802673861879157,0.000012623626389540732
2021-01-03T00:00:00.000Z,-0.000015228343727358151,0.0000281018565146951,0.00000589033050728779,0.000006517856130808609,0.000005593984042207012,-0.0000015349201021308545,0.000014312464372778777
2021-01-04T00:00:00.000Z,-0.000022154108592076227,0.0000363875697075855,0.000007249426567634988,0.0000073415569106963686,0.000006914346613484668,-0.0000012344064543867717,0.000016478943507536314
2021-01-05T00:00:00.000Z,-0.000017895521523314528,0.000027306250558467582,0.000003582674906616986,0.000005866375041452542,0.000003875308721035253,-0.000003773629259740119,0.00001083925053535495
2021-01-06T00:00:00.000Z,-0.000010410182767373044,0.00002446037069603335,0.00000649089968757001,0.000005003133398575216,0.000006261573616939131,3.772798606860306e-7,0.000012711083400063217
2021-01-07T00:00:00.000Z,0.000003740731244761264,0.000027085439796792343,0.000013592364406836821,0.000004937929894686529,0.000013574697732110508,0.000005149412572791334,0.00001963131762749981
2021-01-08T00:00:00.000Z,-0.00001866411548689939,0.000022527616238221526,0.000008509925270486417,0.000007292246463247342,0.000010007027412939351,5.489976047101663e-7,0.00001628155223443173
2021-01-09T00:00:00.000Z,-0.000018289583749719895,0.000040321538108401,0.00000881810723447911,0.000008492366974471982,0.000008709487701707985,-0.0000018605188643050496,0.000019907789464923553
2021-01-14T00:00:00.000Z,-0.000026233328753733076,0.000040506878576707095,0.000003947346309605359,0.000008265174384272638,0.0000037176130263105733,-0.0000059575363593467046,0.00001450055333407363
2021-01-15T00:00:00.000Z,-0.000018512429960537702,0.00003701643072417937,0.000010297633507334556,0.000007802570187562858,0.000010268784535583109,3.1879574180493364e-7,0.000020605466488632374
2021-01-16T00:00:00.000Z,-0.000011721791452146135,0.00002201732058892958,0.000004429119734797023,0.000005779398056258041,0.000004038851329823956,-0.0000026780530788528267,0.000012191175301268231
2021-01-17T00:00:00.000Z,-0.000005810928996652365,0.00003165968882967718,0.000005858218710274845,0.000007405979555016867,0.000006012857738824096,-0.0000025323417958134087,0.000011830456969619263
2021-01-19T00:00:00.000Z,-0.000025619277948862873,0.000035053188184974715,0.0000109696114497145,0.000010814575491778012,0.000012624556802620646,-0.0000029790310236421647,0.00002615232915559318
2021-01-20T00:00:00.000Z,-0.00001992108991544228,0.00003987736999988556,0.000003839623708115163,0.000009495354425187226,0.000004001734396297252,-0.000007740424734947737,0.000014642037058365531
2021-01-21T00:00:00.000Z,-0.000021278900021570735,0.00003335480505484156,0.000006211198325769344,0.000008314261945133255,0.0000059668968788173515,-0.0000032665120670571923,0.000016852472981554456
2021-01-22T00:00:00.000Z,-0.000017744645447237417,0.000027976222554570995,0.000005308057644770576,0.0000058475042624706775,0.000005656078883475857,-0.0000017641249314692686,0.000012105230780434795
2021-01-23T00:00:00.000Z,-0.000010430157999508083,0.00003338338137837127,0.000008545132379680987,0.000006378858334181961,0.000007831876246200409,9.999000667448854e-7,0.00001666261232458055
2021-01-24T00:00:00.000Z,-0.0000193352643691469,0.000032937889045570046,0.000008201726291564911,0.0000070669816413970595,0.000008188342690118589,-8.323750648742134e-7,0.000016734255041228607
2021-01-25T00:00:00.000Z,-0.000020616962501662783,0.00003419546555960551,0.0000047572677787688425,0.000006831620335341765,0.000004581031589623308,-0.0000037575653095700545,0.000014081493645790033
2021-01-26T00:00:00.000Z,-0.000011946808626817074,0.00003852121517411433,0.000006200492921464407,0.000006915176756666053,0.00000610081224294845,-0.00000248186688622809,0.000014472469047177583
2021-01-27T00:00:00.000Z,-0.000012116451216570567,0.000020731637050630525,0.0000059892194071232865,0.000005603766686762102,0.000005698894256056519,-9.081209100259002e-7,0.000013473030776367523
2021-01-29T00:00:00.000Z,-0.000005653730568155879,0.000023611686629010364,0.000008277577216366615,0.000005867519950695677,0.000008639889529149514,2.263807630242809e-7,0.00001678870467003435
2021-01-30T00:00:00.000Z,-0.000004017278115497902,0.000024878281692508608,0.000008299518632276668,0.000005640949547129705,0.000008445682396995835,9.318495699517371e-7,0.000016365742339985445
2021-01-31T00:00:00.000Z,-0.000015559722669422626,0.00003574550282792188,0.000005865349152739088,0.0000064194734349243816,0.000006086367193347542,-0.000002174186647607712,0.000013976879017718602
2021-02-01T00:00:00.000Z,-0.0000022769568204239476,0.000019112794689135626,0.00000690522322032015,0.000004917983891697008,0.000006314212441793643,2.5205363840541395e-7,0.00001487461577198701
2021-02-02T00:00:00.000Z,2.1810014061429683e-7,0.000032576055673416704,0.000010011752690380855,0.000006136593945248698,0.000009504059562459588,0.00000232143679568253,0.000017397107512806542
2021-02-03T00:00:00.000Z,-0.000014644341717939824,0.000027507454433362,0.000006376926978341597,0.000005075904058629802,0.000006446548468375113,1.6421003579125681e-7,0.000012386055459501222
2021-02-04T00:00:00.000Z,-0.000026094352506333962,0.000028485816073953174,0.000006303679912467938,0.000006562103935445249,0.000006528914127557073,-0.0000018041944258584408,0.000014296984772954602
2021-02-05T00:00:00.000Z,-0.000017868409486254677,0.000030142564355628565,0.000005701008753220606,0.00000638895908646578,0.000005790968316432554,-0.0000018237585663882783,0.000013537237464333884
2021-02-06T00:00:00.000Z,-0.000012578501809912268,0.000033881482522701845,0.00000388070727532029,0.000006473090101611693,0.0000036449782783165574,-0.000004389254627312766,0.000012196127499919385
2021-02-07T00:00:00.000Z,-0.000004185603302175878,0.0000258183827099856,0.00000836553015937739,0.000005932728375138527,0.0000074522490649542306,0.0000014393395986189716,0.000017661513993516564
2021-02-09T00:00:00.000Z,-0.000008192860150302295,0.000038563641282962635,0.00000798204121849722,0.000007480065625562053,0.000007775029189360794,-7.486518711630197e-7,0.000018153245036955923
2021-02-10T00:00:00.000Z,-0.000013364153346628882,0.00003495329656288959,0.000009281353886160796,0.000008022814960281526,0.000008851532584230881,-0.0000012907991049360135,0.000020011470041936263
2021-02-11T00:00:00.000Z,-0.000017057625882443972,0.00004458066541701555,0.0000070195711295815155,0.000006635448349145341,0.0000070090727604110725,-8.16996021058003e-7,0.00001550922570459079
2021-02-12T00:00:00.000Z,-0.000013773873433819972,0.00004238144538248889,0.000010339078245537867,0.000007285415249886654,0.000010262026080454234,0.0000015038111769172247,0.00001932234772539232
2021-02-13T00:00:00.000Z,-0.00001852656714618206,0.00003149458279949613,0.000007510285679859806,0.000007111827928979006,0.000007276312771864468,-0.0000017836949837146676,0.00001660578345763497
2021-02-14T00:00:00.000Z,-0.000004692345100920647,0.000023541002519777976,0.000008667356355398,0.0000052796662889492725,0.000008902236913854722,0.000001961718908205512,0.000016163803593371995
2021-02-15T00:00:00.000Z,-0.00001203171723318519,0.00004414056093082763,0.000009793788463293939,0.000007823794599984633,0.000009424590643902775,0.0000018997704955836525,0.00002398720425844658
2021-02-16T00:00:00.000Z,-0.000011919960343220737,0.00003474218101473525,0.000008414887972995204,0.000005970582708517907,0.000007937982445582747,0.0000011837123565783259,0.000016625965145067312
2021-02-17T00:00:00.000Z,-0.000003057532467209967,0.000023401993530569598,0.000009415810006415832,0.000005117878971603294,0.00000871414795255987,0.0000031537326776742702,0.000017480859241914004
2021-02-18T00:00:00.000Z,-0.000019230014004278928,0.000025046843802556396,0.0000034951052229245313,0.00000865249559666839,0.0000038199382288439665,-0.000008659066224936396,0.00001504954525444191
2021-02-22T00:00:00.000Z,-0.000018609776816447265,0.00003544458013493568,0.000008188095203632721,0.000007385497958135298,0.000007680084308958612,-4.012346153103863e-7,0.000017785861928132363
2021-02-23T00:00:00.000Z,-0.000013809235497319605,0.00003106721487711184,0.000007380274529923876,0.00000596326614862734,0.000007247367648233194,2.9098822551532066e-7,0.000014441393432207406
2021-02-24T00:00:00.000Z,-0.00001353519837721251,0.000027916372346226126,0.0000058714101980921734,0.000005063177082648686,0.000005754657649958972,-3.759310231998825e-7,0.000012019324458378833
2021-02-25T00:00:00.000Z,-0.000017793836377677508,0.000029929977245046757,0.000005616969516115646,0.000006009724913722634,0.000005559543296840275,-0.0000019428837276791455,0.000013453524843498599
2021-02-26T00:00:00.000Z,-0.00002203884650953114,0.000028532651413115673,0.000008205325321613927,0.000006801939633033301,0.000008422980499744881,-7.056795539028826e-7,0.000016919062545639463
2021-02-27T00:00:00.000Z,-0.00001726761729514692,0.000029626844479935244,0.000007688145275237573,0.000007065120271238371,0.000007964919859659858,-0.0000017923931636687485,0.00001611737025086768
2021-02-28T00:00:00.000Z,-0.000013775379557046108,0.000023994773073354736,0.000007379312878156859,0.0000059630617283969855,0.000007352440206886968,3.0700687148055295e-7,0.000014993648619565647
2021-03-01T00:00:00.000Z,-0.000010578403816907667,0.00002570420656411443,0.000005785896901147988,0.0000056370673015946405,0.000005077201421954669,-4.529337047642912e-7,0.000014036176253284793
2021-03-02T00:00:00.000Z,-0.00001912392872327473,0.00002577747727627866,0.000004627824953103405,0.000006067147254996078,0.000004764966433867812,-0.000003013980176547193,0.000012228913874423597
2021-03-03T00:00:00.000Z,-0.000026766525479615666,0.000033245647500734776,0.0000029246409814144873,0.000006920958365270453,0.0000027886223961104406,-0.00000553228574062814,0.00001197682195197558
2021-03-04T00:00:00.000Z,-0.00001821951627789531,0.000029855878892703913,0.000005745677629514591,0.000005971588542856842,0.000005852786216564709,-0.0000013095631175019662,0.000013362523532123305
2021-03-05T00:00:00.000Z,-0.00001845301994762849,0.00003861850200337358,0.000008289264181701759,0.000006726874040169505,0.000008390104994759895,3.608396070831077e-7,0.000016110167052829638
2021-03-06T00:00:00.000Z,-0.000005593033165496308,0.00003840109638986178,0.000012278782781932815,0.000006656438092686136,0.000012503109246608801,0.0000036189662750985008,0.000020567782485159114
2021-03-07T00:00:00.000Z,-0.00000956933308771113,0.0000321386796713341,0.000010671069754107053,0.000005606643463324396,0.00001079568755812943,0.0000037526344840443926,0.00001735402111080475
2021-03-08T00:00:00.000Z,-0.00001414386679243762,0.00003922222458641045,0.000010401067976137278,0.000007015025706241996,0.000010474159353179857,0.0000015682154526075465,0.00001938679997692816
2021-03-09T00:00:00.000Z,-0.000019611816242104396,0.0000462585267086979,0.000005787360042042716,0.000006719229022128047,0.000006059647148504155,-0.0000023691570731898537,0.00001387140218866989
2021-03-10T00:00:00.000Z,-0.00001951360536622815,0.00002538968328735791,0.00000418655331469032,0.000007256440028790072,0.000004127464308112394,-0.000004868792075285455,0.000013667689927387983
2021-03-12T00:00:00.000Z,-0.000008736638847040012,0.000019241395420976914,0.000005282049641924663,0.0000060632375862080995,0.000005727202278649202,-0.0000027150970254297135,0.000016208925444516353
2021-03-13T00:00:00.000Z,-0.0000232747224799823,0.000034380314900772646,0.000008895956323983516,0.000009950502475092147,0.000008848682227835525,-0.0000037501145015994553,0.000022042351702111773
2021-03-14T00:00:00.000Z,-0.00002484000287950039,0.00003567553358152509,0.000009472202378716152,0.00000829952814377877,0.000009194756785291247,-7.015253800091159e-7,0.00001961616362677887
2021-03-15T00:00:00.000Z,-0.000024721157387830317,0.00003242709499318153,0.000005182294727010084,0.000006827312694982575,0.000005872043402632698,-0.0000035304051380080637,0.000012880650501756463
2021-03-16T00:00:00.000Z,-0.000019941526261391118,0.00004237355824443512,0.000007997791864025316,0.000006905189515417743,0.000008013540536921937,-3.2392480875387264e-7,0.000016507126929354854
2021-03-17T00:00:00.000Z,-0.00002051511728495825,0.000029678032660740428,0.000006500596654952553,0.000005743074610818709,0.000006734156613674713,-4.953149641551136e-7,0.000013394615962170064
2021-03-18T00:00:00.000Z,-0.00001816240546759218,0.000026133402570849285,0.000004696460098712973,0.0000061534645842405335,0.000004874473688687431,-0.000002940911372206756,0.00001227410484716529
2021-03-19T00:00:00.000Z,-0.000018683273083297536,0.0000340754195349291,0.000007247003558125338,0.000007276674431342097,0.000007408523742924444,-0.0000016457330502817058,0.00001653973049542401
2021-03-20T00:00:00.000Z,-0.000012276265806576703,0.000031149087590165436,0.000007747099646212159,0.000006315092208916285,0.0000075388443292467855,1.2781468683442654e-7,0.000015428258848260157
2021-03-21T00:00:00.000Z,-0.000004687131422542734,0.000018707414710661396,0.000005692416428583589,0.000006334996571959355,0.000006108702564233681,-0.000003150183147226926,0.00001686081668594852
2021-03-22T00:00:00.000Z,-0.000013313990166352596,0.00003139589534839615,0.000006081213073695509,0.0000066048292926029805,0.000005952902938588522,-0.0000025636843474785564,0.000014475096577371005
2021-03-23T00:00:00.000Z,-0.000014452447430812754,0.00005500650513567962,0.000008090282594373013,0.000006803315612606695,0.000007940032446640544,7.831980752825984e-8,0.000016238203897955827
2021-03-24T00:00:00.000Z,-0.000017862215827335604,0.0000274075246124994,0.00000693249169280568,0.000006594609645084066,0.000006877668056404218,-9.079753908736166e-7,0.000015150254512263928
2021-03-25T00:00:00.000Z,-0.000023032884200802073,0.000026990019250661135,0.000006055043036980183,0.00000576360894554089,0.000006070582003303571,-0.000001189049839922518,0.00001296682603424415
2021-03-26T00:00:00.000Z,-0.00001474949749535881,0.00003980751716881059,0.0000075192900667068815,0.000006250024240443312,0.000007677268513361923,4.3980332264936806e-8,0.000014488336091744713
2021-03-27T00:00:00.000Z,-0.000007153177648433484,0.000024008086256799288,0.000008091450103618235,0.00000446931072761268,0.00000814410850580316,0.000002516146423658938,0.000013779861546936445
2021-03-28T00:00:00.000Z,-0.000009846987268247176,0.000024874872906366363,0.000007521504920522266,0.000005302700441847954,0.000008005491508811247,4.753499922571791e-7,0.00001438272465748014
2021-03-29T00:00:00.000Z,-0.0000208352994377492,0.000025548795747454278,0.000005273609175597302,0.000006307148299043731,0.0000052001309995830525,-0.0000022598660507355817,0.000013461158232530579
2021-03-30T00:00:00.000Z,-0.000011908097803825513,0.00002382371894782409,0.0000047465664478734514,0.000005722954979480916,0.0000048558417802269105,-0.000002311939852006617,0.00001241956306330394
2021-03-31T00:00:00.000Z,-0.000008440501915174536,0.0000267563336819876,0.000007652417324260729,0.000005823553320247464,0.00000770537371863611,1.9664895489768242e-7,0.0000149146753756213
2021-04-01T00:00:00.000Z,-0.000008750538654567208,0.000026692232495406643,0.000006900890091942039,0.000004942589588042747,0.000006931790721864672,0.0000011033970395146753,0.00001302301370742498
2021-04-02T00:00:00.000Z,-0.000007583701517432928,0.000023474769477616064,0.00000899155825025414,0.000005152750175497184,0.000009054409929376561,0.000002446943426548387,0.00001565274942549877
2021-04-03T00:00:00.000Z,-0.000007217391157610109,0.000037711892218794674,0.000010173217293194977,0.000005390892136191807,0.000009926387974701356,0.000003231401251468924,0.000016997048078337684
2021-04-04T00:00:00.000Z,-0.000012191252608317882,0.000032800504413899034,0.00001184708866379569,0.00000632194979211792,0.00001164887271443149,0.00000405219634558307,0.000019854207494063303
2021-04-05T00:00:00.000Z,-0.000007302677659026813,0.00004464442463358864,0.000014152165091593251,0.000006143541199021771,0.000013943049452791456,0.000006846586074971128,0.000021706406187149696
2021-04-06T00:00:00.000Z,-0.0000022815115698904265,0.0000344830441463273,0.000013194662799341957,0.000005590619115033579,0.000013236784980108496,0.000006284893970587291,0.00002011276410485152
2021-04-07T00:00:00.000Z,-0.0000015999004290279117,0.00003884422403643839,0.000014072633241873108,0.000005255595019481514,0.000014308337085822131,0.000007313551122933859,0.00002065537410089746
2021-04-08T00:00:00.000Z,-0.000006739303444192046,0.000027308389690006152,0.000010299460379739352,0.0000052106693953085554,0.000010166852916881908,0.000004324346718931338,0.000017304673747275956
2021-04-09T00:00:00.000Z,-0.000023017932107904926,0.000028511893106042407,0.00000469506458561915,0.000006092136790265765,0.00000436348364019068,-0.00000292851700578467,0.000012575104847201146
2021-04-10T00:00:00.000Z,-0.000015070699191710446,0.00003626928446465172,0.000008008954241524208,0.000006283717638010646,0.000008062924280238803,4.5540707560576266e-7,0.000015230579265335109
2021-04-11T00:00:00.000Z,-0.000013195251085562631,0.00002835513987520244,0.000007432979812026401,0.000005459606124715113,0.000007251854640344391,0.0000011297277069388656,0.000013858152669854462
2021-04-12T00:00:00.000Z,-0.000011320043995510787,0.000034348842746112496,0.000011032437865034324,0.000006083988750621188,0.00001084019459085539,0.0000032966179333016044,0.000018478333004168235
2021-04-14T00:00:00.000Z,-0.00003700491652125493,0.000025355258912895806,0.000008721995561827791,0.000006105616088943037,0.000008745842933421955,0.0000011145774578835699,0.000015986863218131475
2021-04-15T00:00:00.000Z,-0.000010640468644851353,0.000027163690901943482,0.000010753570875490589,0.0000069696711007544465,0.000011008116416633129,0.0000021463565644808114,0.00002070915979857091
2021-04-16T00:00:00.000Z,-0.00001817881093302276,0.00003385116724530235,0.000010503894317058178,0.000006219850882354445,0.000010567040590103716,0.000003038695467694197,0.00001833549322327599
2021-04-21T00:00:00.000Z,-0.000010210059372184332,0.000041939634684240445,0.000012228603290851758,0.000007701116912110447,0.000011954826732107904,0.000002724498244788265,0.000022646619981969707
2021-04-22T00:00:00.000Z,-0.00001100905046769185,0.000029400684070424177,0.000008166041953705076,0.0000062763218708135644,0.000007780701707815751,4.178571941793052e-7,0.000016693158613634296
2021-04-23T00:00:00.000Z,-0.00001313642042077845,0.00004447552055353299,0.000009425981744197271,0.000007063891129305061,0.0000092034024419263,5.78893718738982e-7,0.00001786685606930405
2021-04-24T00:00:00.000Z,-0.000007901025128376205,0.00004274972889106721,0.000012518992604830462,0.000006524574399065833,0.000012226793842273764,0.000004322520453570178,0.00002102988219121471
2021-04-25T00:00:00.000Z,-0.00001016323767544236,0.00003596934038796462,0.000014411807349498888,0.000007285965578486712,0.000014565073797712103,0.000005340823463484412,0.000023042020984576084
2021-04-26T00:00:00.000Z,-0.0000069149195951467846,0.00003592019493225962,0.000012427058496280968,0.000005488379619827349,0.000012271675586816855,0.000005769694325863384,0.000019431290638749488
2021-04-27T00:00:00.000Z,-0.000006670166385447374,0.00003516083233989775,0.000012319176613033148,0.00000604304611073732,0.0000122008550533792,0.000005235138814896345,0.000020154880985501222
2021-04-28T00:00:00.000Z,-0.0000032137784273800207,0.0000333455900545232,0.000017446594995540022,0.00000532626110999843,0.000017648006178205833,0.000011010781236109324,0.000024097020286717452
2021-04-29T00:00:00.000Z,-0.000009971080544346478,0.0000327668349200394,0.00001135068088866865,0.00000530052942237393,0.00001149538093159208,0.00000450173456556513,0.00001790793612599373
2021-04-30T00:00:00.000Z,-0.00002055154982372187,0.000035192664654459804,0.000007182588756252842,0.000006678883374082243,0.0000072993425419554114,-0.0000011119575447082752,0.000014981452295614872
2021-05-01T00:00:00.000Z,-0.000019732584405574016,0.00006683675746899098,0.000004613910435580832,0.000007114900442371993,0.0000044862190407002345,-0.0000039978226595849264,0.000013492143807525281
2021-05-02T00:00:00.000Z,-0.00001770460221450776,0.00003151466080453247,0.000004297738571366959,0.000006180370092209326,0.00000443628232460469,-0.000003043447350137285,0.000011677373549900949
2021-05-03T00:00:00.000Z,-0.000013342783859116025,0.000033734449971234426,0.000010928182848544409,0.000007464487821017167,0.000010590001693344675,0.000002761276618912234,0.000021280131477396935
2021-05-04T00:00:00.000Z,-0.000010301169822923839,0.000024548269720980898,0.0000052378875595788095,0.000005696597537766326,0.000005013525878894143,-0.000002091716851282399,0.000012794156646123156
2021-05-05T00:00:00.000Z,-0.000015973137124092318,0.00004161274773650803,0.000010003036784657401,0.000005659615899439341,0.00001023881122819148,0.000002460832092765486,0.00001684124617895577
2021-05-06T00:00:00.000Z,-0.000007569932222395437,0.000039530463254777715,0.000016103258513874337,0.000006334848506390244,0.000016318143025273457,0.000007808590453350917,0.00002438016963424161
2021-05-07T00:00:00.000Z,-0.000006572960501216585,0.000031774037779541686,0.000012132849175794452,0.0000052164998943631524,0.00001215697920997627,0.0000060035454225726426,0.000018458133126841858
2021-05-08T00:00:00.000Z,-0.000012265300938452128,0.000025256897060899064,0.000005419116589984907,0.0000065548865485909965,0.000004637168785848189,-0.0000022602675926464144,0.000013884182408219203
2021-05-09T00:00:00.000Z,-0.000010610936442390084,0.00002925196531577967,0.000006466450160144431,0.000005880469803347468,0.000006359043254633434,-6.903210874042998e-7,0.000013992647836857941
2021-05-10T00:00:00.000Z,-0.000009399516784469597,0.000021629071852657944,0.000005399626682359351,0.000005250903686296207,0.0000058813034229387995,-0.0000016292708551191026,0.000012057306776114274
2021-05-11T00:00:00.000Z,-0.00003775230288738385,0.00002897110243793577,0.0000034185200607835824,0.000006553564331911975,0.0000035814973671222106,-0.000004630067451216746,0.000011612543858063873
2021-05-12T00:00:00.000Z,-0.000024983592084026895,0.000029256792913656682,0.0000067656299803733586,0.000005753281022567622,0.000006916813163115876,-4.17310872080634e-7,0.000013587949979410041
2021-05-13T00:00:00.000Z,-0.000008627254828752484,0.000030812210752628744,0.000012077944649138287,0.000006356835791617371,0.000012215128663228825,0.0000037961324323987355,0.00002038664388237521
2021-05-14T00:00:00.000Z,-0.000004860862190980697,0.000034947337553603575,0.000013128482619549687,0.0000053133530755589985,0.000013336572919797618,0.000006485350695584202,0.00001948972203535959
2021-05-15T00:00:00.000Z,1.7075205960281892e-7,0.000024393290004809387,0.000009531991556886692,0.000004782663409064129,0.000009878433047560975,0.000003910078703484032,0.000017429472791263834
2021-05-16T00:00:00.000Z,-0.000016159696315298788,0.000028286411179578863,0.000007353986939837458,0.000006029785493821515,0.000007133032340789214,-1.4035120443622873e-7,0.000015283034372259863
2021-05-17T00:00:00.000Z,-0.00001856667768151965,0.000027679343475028872,0.000006588543422163904,0.00000696810124000066,0.000006694501735182712,-0.000001869869834081328,0.000016028447134885937
2021-05-18T00:00:00.000Z,-0.0000050779485718521755,0.000018000107957050204,0.000004939030888098264,0.000005209661504644694,0.000004644808541343082,-0.0000017015330513459048,0.000011984360753558576
2021-05-19T00:00:00.000Z,-0.00002035669604083523,0.00003277625364717096,0.00000858063722014524,0.000006754876947323879,0.00000788349370850483,8.921797984839941e-7,0.000016515987226739526
2021-05-20T00:00:00.000Z,-0.000011185605217178818,0.000023842594600864686,0.000004418973023919253,0.000007093397945864665,0.000004212313342577545,-0.000004644829004973872,0.000015291623640223406
2021-05-21T00:00:00.000Z,-0.0000020993093130527996,0.000030719740607310086,0.00001220222932266245,0.0000050135738177515,0.000012463831808418036,0.000005816811608383432,0.000018633721992955543
2021-05-22T00:00:00.000Z,-0.000017814518287195824,0.00003720980748767033,0.000009570333632283851,0.000007049271358242157,0.000009296806638303678,9.156169085144938e-7,0.00001870342566689942
2021-05-23T00:00:00.000Z,-0.000016562324162805453,0.00003556869341991842,0.000008657930888438702,0.000006788578602580081,0.00000874789293447975,5.79131778977171e-7,0.000016946420146268792
2021-05-24T00:00:00.000Z,-0.000011384363460820168,0.000029987066227477044,0.000007928286320236816,0.000006284887848739457,0.000007696359716646839,4.869878011959372e-7,0.000016212647096836008
2021-05-25T00:00:00.000Z,-0.000018216396711068228,0.00003485188790364191,0.000007704797719535828,0.0000062890498592444655,0.000007611433375132037,4.494589802561677e-7,0.000015037134289741516
2021-05-26T00:00:00.000Z,-0.00000761025466999854,0.000028401969757396728,0.000009424302523289456,0.000005290534242749914,0.000009348707862955052,0.0000030298108413262526,0.000016443795175291598
2021-05-27T00:00:00.000Z,-0.000016154017430380918,0.00002966711144836154,0.0000065906308821341845,0.0000064367342876440425,0.00000647681872578687,-0.0000011123967169623938,0.000014825730431766715
2021-05-28T00:00:00.000Z,-0.000013129731996741612,0.0000317218728014268,0.000007542062161641624,0.000006012691291314122,0.000007441097295668442,2.2713363989623758e-7,0.00001531928683107253
2021-05-29T00:00:00.000Z,-0.000015967016224749386,0.000030258659535320476,0.000005994247478726504,0.000006787859152355993,0.000005772797067038482,-0.000003007527311638114,0.000014812173503742088
2021-05-30T00:00:00.000Z,-0.000013862247215001844,0.000014585059034288861,9.995932357384895e-7,0.0000056364083133721125,0.0000011243517974435235,-0.000006451341050706105,0.0000075014509093307424
2021-05-31T00:00:00.000Z,-0.000003768084980038111,0.0000323885033139959,0.000009260687913176961,0.000005638926373239753,0.000008375142897421028,0.0000031340730402007466,0.000016318639609380625
2021-06-01T00:00:00.000Z,0.0000013619619494420476,0.000024627983293612488,0.000011218594582827054,0.000005301712733641215,0.000011024077139154542,0.000004246994649292901,0.000019367438653716817
2021-06-02T00:00:00.000Z,-0.000019322744265082292,0.000023634329409105703,0.000004031389368597262,0.000007779476918145539,0.000004940668532071868,-0.000006129768280516146,0.000013415356079349294
2021-06-03T00:00:00.000Z,-0.00002441985998302698,0.00003889853542204946,0.000007321873704880979,0.00000844594725235464,0.000007393899522867287,-0.0000031078513984539313,0.000017900618331623264
2021-06-04T00:00:00.000Z,-0.0000033325140975648537,0.00004148031075601466,0.00001639189384888351,0.000008949739664591017,0.00001701485234661959,0.000005459428393805865,0.00002912339368776884
2021-06-05T00:00:00.000Z,-0.000014186551197781228,0.000042107894842047244,0.000014342922073906603,0.00000855646373033908,0.000014111348718870431,0.0000044007174437865615,0.000025350747819175012
2021-06-06T00:00:00.000Z,-0.00001932780651259236,0.000024641531126690097,0.000007909130383416442,0.000006679406455553526,0.00000867282687977422,-0.0000014136002164377715,0.000016082176443887874
2021-06-07T00:00:00.000Z,-0.000014611815458920319,0.00003556002411642112,0.000008812623393952366,0.000007234487515371815,0.000008966758286987897,-3.99703708353627e-7,0.000018201055354438722
2021-06-08T00:00:00.000Z,-0.0000317826634272933,0.00004072959563927725,0.00000900415219327382,0.000007984889240543097,0.00000904451917449478,1.0099294200927034e-7,0.000018729579096543603
2021-06-09T00:00:00.000Z,-0.00002222138391516637,0.000029482316676876508,0.000012098387356914145,0.000007441525498286345,0.000012184144907223526,0.00000297472206511884,0.000021800735339638777
2021-06-10T00:00:00.000Z,-0.00002361738370382227,0.00003740402462426573,0.00000923347123971371,0.00000768957642467378,0.000009029954526340589,4.5909999357718334e-7,0.000018488863133825362
2021-06-11T00:00:00.000Z,-0.000015593655916745774,0.000030970637453719974,0.000006155782980700377,0.000006683702119905276,0.000006410897640307667,-0.000002875695599868777,0.00001395293656969443
2021-06-12T00:00:00.000Z,-0.000010515693247725721,0.00004459993579075672,0.0000103407777121865,0.000007636394331827948,0.000010467567335581407,0.0000011221551403650665,0.000020733321434818208
2021-06-13T00:00:00.000Z,-0.000022062420612201095,0.00003737995575647801,0.000006879997851502478,0.0000075485819633494425,0.0000071986605689744465,-0.0000026100442482857034,0.000016352374586858787
2021-06-14T00:00:00.000Z,-0.000018634111256687902,0.000036123070458415896,0.0000071874673489405606,0.000007141170202872503,0.000007025993909337558,-0.000001691750640020473,0.000016516536561539397
2021-06-15T00:00:00.000Z,-0.00001546392923046369,0.0000342159291903954,0.000007412910189512154,0.000006237426715221686,0.000007207778708107071,-3.7849150658075814e-7,0.000014978095350670628
2021-06-16T00:00:00.000Z,-0.000020513067283900455,0.00002741228490776848,0.000006118948091583151,0.000005435386197616639,0.0000063581924223399255,-5.120389232615707e-7,0.000012795965631084982
2021-06-17T00:00:00.000Z,-0.00002613255310279783,0.00004231535058352165,0.000007320608716262875,0.000006901627746036387,0.000007101771188899875,-0.0000010742694485088577,0.000015916984921204858
2021-06-18T00:00:00.000Z,-0.000025725717932800762,0.000036770248698303476,0.000004763673722006429,0.000006747676775651193,0.000004730428827315336,-0.000003691534402605612,0.000013033029063080903
2021-06-19T00:00:00.000Z,-0.00001909095408336725,0.000040124567021848634,0.000007771424682298006,0.000007106315214155654,0.000007673554136999883,-0.0000014750129366802867,0.00001713247002044227
2021-06-20T00:00:00.000Z,-0.0000035445009416434914,0.000020271490939194337,0.000007293906957595437,0.000005974563709526762,0.000005798378424515249,0.000001104012198993587,0.000018741342501016334
2021-06-21T00:00:00.000Z,-0.000006216577276063617,0.000033133906981674954,0.00001046856108378115,0.0000070835974360398206,0.000009719969966681674,0.0000016433897371825879,0.000020607754777302034
2021-06-22T00:00:00.000Z,-0.000010739408025983721,0.00005402293390943669,0.000010910359735095633,0.000006764996472481884,0.000010919829946942627,0.0000022565316157852067,0.00001945891563082114